,date,close,ROI,BB_Lower,BB_Upper,BB_Middle,Entry_signal_long_1,Exit_signal_long_1,Entry_signal_short_1,Exit_signal_short_1,LONG,SHORT,account_value,cash_flow,shares_long,shares_short
0,2020-07-07,10524.01,,,,,0,0,0,0,0,0,100000,0,0,0
1,2020-07-08,10666.7,0.01355852,,,,0,0,0,0,0,0,100000,0,0,0
2,2020-07-09,10754.59,0.008239662,,,,0,0,0,0,0,0,100000,0,0,0
3,2020-07-10,10836.33,0.007600476,,,,0,0,0,0,0,0,100000,0,0,0
4,2020-07-13,10602.21,-0.021605101,,,,0,0,0,0,0,0,100000,0,0,0
5,2020-07-14,10689.52,0.008235076,,,,0,0,0,0,0,0,100000,0,0,0
6,2020-07-15,10701.68,0.001137563,,,,0,0,0,0,0,0,100000,0,0,0
7,2020-07-16,10626.46,-0.007028803,,,,0,0,0,0,0,0,100000,0,0,0
8,2020-07-17,10645.22,0.001765404,,,,0,0,0,0,0,0,100000,0,0,0
9,2020-07-20,10952.08,0.028826083,,,,0,0,0,0,0,0,100000,0,0,0
10,2020-07-21,10833.07,-0.010866428999999999,,,,0,0,0,0,0,0,100000,0,0,0
11,2020-07-22,10870.75,0.003478238,,,,0,0,0,0,0,0,100000,0,0,0
12,2020-07-23,10580.59,-0.026691811,,,,0,0,0,0,0,0,100000,0,0,0
13,2020-07-24,10483.13,-0.009211206999999999,,,,0,0,0,0,0,0,100000,0,0,0
14,2020-07-27,10674.38,0.018243597,,,,0,0,0,0,0,0,100000,0,0,0
15,2020-07-28,10532.5,-0.013291638,,,,0,0,0,0,0,0,100000,0,0,0
16,2020-07-29,10662.98,0.012388322,,,,0,0,0,0,0,0,100000,0,0,0
17,2020-07-30,10715.51,0.00492639,,,,0,0,0,0,0,0,100000,0,0,0
18,2020-07-31,10905.88,0.017765837,,,,0,0,0,0,0,0,100000,0,0,0
19,2020-08-03,11055.08,0.013680693,10412.202379999999,11019.064620000001,10715.6335,0,0,0,0,0,0,100000,0,0,0
20,2020-08-04,11096.54,0.003750312,10410.441490000001,11078.07851,10744.26,0,0,0,0,0,0,100000,0,0,0
21,2020-08-05,11125.44,0.002604415,10394.98433,11139.409670000001,10767.197,0,0,0,0,0,0,100000,0,0,0
22,2020-08-06,11267.08,0.012731181999999999,10358.82718,11226.81582,10792.8215,0,0,0,0,0,0,100000,0,0,0
23,2020-08-07,11139.39,-0.011333016000000001,10347.24463,11268.70437,10807.9745,0,0,0,0,0,0,100000,0,0,0
24,2020-08-10,11085.17,-0.004867412,10366.20454,11298.04046,10832.1225,0,0,0,0,0,0,100000,0,0,0
25,2020-08-11,10876.08,-0.018862137,10380.10592,11302.79508,10841.4505,0,0,0,0,0,0,100000,0,0,0
26,2020-08-12,11157.72,0.025895359,10387.18329,11341.32171,10864.2525,0,0,0,0,0,0,100000,0,0,0
27,2020-08-13,11178.37,0.001850737,10408.881140000001,11374.814859999999,10891.848,0,0,0,0,0,0,100000,0,0,0
28,2020-08-14,11164.45,-0.001245262,10434.84123,11400.77777,10917.8095,0,0,0,0,0,0,100000,0,0,0
29,2020-08-17,11288.57,0.011117431,10423.98843,11445.27957,10934.633999999998,0,0,0,0,0,0,100000,0,0,0
30,2020-08-18,11399.03,0.009785119,10414.64517,11511.21883,10962.931999999999,0,0,0,0,0,0,100000,0,0,0
31,2020-08-19,11318.64,-0.007052354,10416.68305,11553.96995,10985.3265,0,0,0,0,0,0,100000,0,0,0
32,2020-08-20,11477.05,0.013995498,10454.55162,11605.747379999999,11030.1495,0,0,0,0,0,0,100000,0,0,0
33,2020-08-21,11555.16,0.006805756,10523.17242,11644.32958,11083.751,0,0,0,0,0,0,100000,0,0,0
34,2020-08-24,11626.17,0.006145306999999999,10555.69109,11706.98991,11131.3405,0,0,0,0,0,0,100000,0,0,0
35,2020-08-25,11721.81,0.008226269,10630.10352,11751.50848,11190.806,0,0,0,0,0,0,100000,0,0,0
36,2020-08-26,11971.94,0.021338855,10651.145779999999,11861.36222,11256.253999999999,0,0,0,0,0,0,100000,0,0,0
37,2020-08-27,11926.16,-0.0038239420000000003,10697.3934,11936.1796,11316.7865,0,0,0,0,0,0,100000,0,0,0
38,2020-08-28,11995.85,0.005843457,10713.50429,12029.065709999999,11371.285,0,0,0,0,0,0,100000,0,0,0
39,2020-08-31,12110.7,0.009574144,10706.432359999999,12141.69964,11424.066,0,0,0,0,0,0,100000,0,0,0
40,2020-09-01,12292.86,0.015041245,10686.22605,12281.53795,11483.882,0,0,0,0,0,0,100000,0,0,0
41,2020-09-02,12420.54,0.010386517,10667.58563,12429.68837,11548.636999999999,0,0,0,0,0,0,100000,0,0,0
42,2020-09-03,11771.37,-0.052265844000000006,10697.87807,12449.824929999999,11573.8515,0,0,0,0,0,0,100000,0,0,0
43,2020-09-04,11622.13,-0.012678218,10746.14999,12449.827009999999,11597.9885,0,0,0,0,0,0,100000,0,0,0
44,2020-09-08,11068.26,-0.047656497,10743.13052,12451.15548,11597.143,0,0,0,0,0,0,100000,0,0,0
45,2020-09-09,11395.85,0.029597245,10832.205170000001,12414.05783,11623.1315,0,0,0,0,0,0,100000,0,0,0
46,2020-09-10,11154.12,-0.021212107999999997,10831.57768,12414.32532,11622.9515,0,0,0,0,0,0,100000,0,0,0
47,2020-09-11,11087.4,-0.005981646,10815.31116,12421.494840000001,11618.403,0,0,0,0,0,0,100000,0,0,0
48,2020-09-14,11277.76,0.017169039,10832.95127,12415.18573,11624.0685,0,0,0,0,0,0,100000,0,0,0
49,2020-09-15,11438.87,0.014285638,10851.10113,12412.06587,11631.5835,0,0,0,0,0,0,100000,0,0,0
50,2020-09-16,11247.6,-0.016721057,10831.19011,12416.83389,11624.011999999999,0,0,0,0,0,0,100000,0,0,0
51,2020-09-17,11080.95,-0.014816494,10793.33113,12430.92387,11612.1275,0,0,0,0,0,0,100000,0,0,0
52,2020-09-18,10936.98,-0.012992568000000001,10713.6431,12456.6049,11585.124,0,0,0,0,0,0,100000,0,0,0
53,2020-09-21,10980.22,0.003953559000000001,10643.774220000001,12468.97978,11556.377,0,0,0,0,0,0,100000,0,0,0
54,2020-09-22,11186.37,0.018774669,10607.77788,12460.99612,11534.386999999999,0,0,0,0,0,0,100000,0,0,0
55,2020-09-23,10833.33,-0.031559836,10517.14778,12462.77822,11489.963,0,0,0,0,0,0,100000,0,0,0
56,2020-09-24,10896.47,0.005828309,10456.67779,12415.70121,11436.1895,0,0,0,0,0,0,100000,0,0,0
57,2020-09-25,11151.13,0.023370871,10438.435290000001,12356.440709999999,11397.438,0,0,0,0,0,0,100000,0,0,0
58,2020-09-28,11364.45,0.019129900000000002,10449.172859999999,12282.56314,11365.868,0,0,0,0,0,0,100000,0,0,0
59,2020-09-29,11322.95,-0.003651739,10479.49114,12173.46986,11326.4805,0,0,0,0,0,0,100000,0,0,0
60,2020-09-30,11418.06,0.008399754,10565.45895,12000.02205,11282.7405,0,0,0,0,0,0,100000,0,0,0
61,2020-10-01,11583.2,0.014463051999999999,10737.313090000001,11744.43391,11240.8735,0,0,0,0,0,0,100000,0,0,0
62,2020-10-02,11255.69,-0.02827457,10777.39966,11652.779340000001,11215.0895,0,0,0,0,0,0,100000,0,0,0
63,2020-10-05,11509.06,0.022510392999999997,10791.40394,11627.46806,11209.436000000002,0,0,0,0,0,0,100000,0,0,0
64,2020-10-06,11291.27,-0.018923353,10806.53189,11634.641109999999,11220.5865,0,0,0,0,0,0,100000,0,0,0
65,2020-10-07,11503.19,0.018768482,10799.729659999999,11652.17734,11225.9535,0,0,0,0,0,0,100000,0,0,0
66,2020-10-08,11550.94,0.004151022,10797.288209999999,11694.300790000001,11245.7945,0,0,0,0,0,0,100000,0,0,0
67,2020-10-09,11725.85,0.015142491000000001,10787.71516,11767.718840000001,11277.716999999999,0,0,0,0,0,0,100000,0,0,0
68,2020-10-12,12088.11,0.030894136000000003,10708.7676,11927.7014,11318.2345,0,0,0,0,0,0,100000,0,0,0
69,2020-10-13,12083.17,-0.00040866599999999997,10652.451720000001,12048.44728,11350.4495,0,0,0,0,0,0,100000,0,0,0
70,2020-10-14,11985.36,-0.00809473,10636.26485,12138.41015,11387.3375,0,0,0,0,0,0,100000,0,0,0
71,2020-10-15,11898.57,-0.007241334,10658.58655,12197.85045,11428.2185,0,0,0,0,0,0,100000,0,0,0
72,2020-10-16,11852.17,-0.003899628,10718.62875,12229.32725,11473.978000000001,0,0,0,0,0,0,100000,0,0,0
73,2020-10-19,11634.35,-0.018378069,10785.47904,12227.889959999999,11506.6845,0,0,0,0,0,0,100000,0,0,0
74,2020-10-20,11677.84,0.003738069,10822.62434,12239.89166,11531.258,0,0,0,0,0,0,100000,0,0,0
75,2020-10-21,11665.37,-0.001067834,10943.48505,12202.23495,11572.86,0,0,0,0,0,0,100000,0,0,0
76,2020-10-22,11662.91,-0.00021088099999999998,11067.74847,12154.61553,11611.181999999999,0,0,0,0,0,0,100000,0,0,0
77,2020-10-23,11692.57,0.002543105,11139.183640000001,12137.324359999999,11638.253999999999,0,0,0,0,0,0,100000,0,0,0
78,2020-10-26,11504.52,-0.016082863,11158.58816,12131.92684,11645.2575,0,0,0,0,0,0,100000,0,0,0
79,2020-10-27,11598.95,0.008208078,11195.77927,12122.335729999999,11659.0575,0,0,0,0,0,0,100000,0,0,0
80,2020-10-28,11142.76,-0.039330284,11137.63104,12152.953959999999,11645.2925,0,0,0,0,0,0,100000,0,0,0
81,2020-10-29,11350.74,0.018665035,11109.64167,12157.697329999999,11633.6695,0,0,0,0,0,0,100000,0,0,0
82,2020-10-30,11052.95,-0.026235294,11062.20212,12184.86288,11623.5325,0,0,0,0,0,0,100000,0,0,0
83,2020-11-02,11084.76,0.002877965,10992.76955,12211.86545,11602.3175,0,0,0,0,0,0,100000,0,0,0
84,2020-11-03,11279.91,0.017605253,10990.96124,12212.53776,11601.7495,0,0,0,0,0,0,100000,0,0,0
85,2020-11-04,11777.02,0.044070387,11001.685940000001,12229.19606,11615.441,0,0,0,0,0,0,100000,0,0,0
86,2020-11-05,12078.07,0.025562493999999998,10995.30502,12288.28998,11641.7975,0,0,0,0,0,0,100000,0,0,0
87,2020-11-06,12091.35,0.001099513,10983.606829999999,12336.53817,11660.0725,0,0,0,0,0,0,100000,0,0,0
88,2020-11-09,11830.39,-0.021582371,10995.694520000001,12298.67848,11647.1865,0,0,0,0,0,0,100000,0,0,0
89,2020-11-10,11624.29,-0.017421235,11005.92344,12242.56156,11624.2425,0,0,0,0,0,0,100000,0,0,0
90,2020-11-11,11892.93,0.023110229,11011.36679,12227.87521,11619.621000000001,0,0,0,0,0,0,100000,0,0,0
91,2020-11-12,11827.14,-0.005531858000000001,11013.88339,12218.21561,11616.0495,0,0,0,0,0,0,100000,0,0,0
92,2020-11-13,11937.84,0.009359828,11009.932209999999,12230.73379,11620.333,0,0,0,0,0,0,100000,0,0,0
93,2020-11-16,12013.38,0.006327778,11004.021659999999,12274.547340000001,11639.2845,0,0,0,0,0,0,100000,0,0,0
94,2020-11-17,11977.49,-0.002987502,11001.28815,12307.24585,11654.267,0,0,0,0,0,0,100000,0,0,0
95,2020-11-18,11894.71,-0.006911298000000001,11003.93879,12327.529209999999,11665.733999999999,0,0,0,0,0,0,100000,0,0,0
96,2020-11-19,11985.43,0.00762692,11004.81256,12358.90744,11681.86,0,0,0,0,0,0,100000,0,0,0
97,2020-11-20,11906.44,-0.006590502,11008.0787,12377.0283,11692.5535,0,0,0,0,0,0,100000,0,0,0
98,2020-11-23,11905.94,-4.2e-05,11027.8237,12397.4253,11712.6245,0,0,0,0,0,0,100000,0,0,0
99,2020-11-24,12079.81,0.014603635,11035.11064,12438.22436,11736.6675,0,0,0,0,0,0,100000,0,0,0
100,2020-11-25,12152.22,0.0059943,11121.14352,12453.13748,11787.1405,0,0,0,0,0,0,100000,0,0,0
101,2020-11-27,12258.21,0.008721863,11168.05412,12496.97388,11832.514,0,0,0,0,0,0,100000,0,0,0
102,2020-11-30,12268.32,0.000824753,11311.90328,12474.66172,11893.2825,0,0,0,0,0,0,100000,0,0,0
103,2020-12-01,12455.33,0.015243326000000001,11464.70905,12458.91295,11961.811000000002,0,0,0,0,0,0,100000,0,0,0
104,2020-12-02,12456.41,8.669999999999999e-05,11589.1866,12452.0854,12020.636,0,0,0,0,0,0,100000,0,0,0
105,2020-12-03,12467.13,0.000860601,11596.21797,12514.06503,12055.1415,0,0,0,0,0,0,100000,0,0,0
106,2020-12-04,12528.48,0.00492094,11572.15934,12583.164659999999,12077.662,0,0,0,0,0,0,100000,0,0,0
107,2020-12-07,12596.47,0.005426835,11546.61469,12659.221309999999,12102.918,0,0,0,0,0,0,100000,0,0,0
108,2020-12-08,12635.72,0.003115952,11554.30918,12732.05982,12143.1845,0,0,0,0,0,0,100000,0,0,0
109,2020-12-09,12364.64,-0.021453467,11637.390159999999,12723.013840000001,12180.202,0,0,0,0,0,0,100000,0,0,0
110,2020-12-10,12401.74,0.003000492,11671.9026,12739.3824,12205.6425,0,0,0,0,0,0,100000,0,0,0
111,2020-12-11,12375.41,-0.002123089,11725.49243,12740.61957,12233.056,0,0,0,0,0,0,100000,0,0,0
112,2020-12-14,12462.21,0.0070139090000000005,11761.84753,12756.70147,12259.2745,0,0,0,0,0,0,100000,0,0,0
113,2020-12-15,12595.92,0.010729236999999999,11783.43501,12793.36799,12288.4015,0,0,0,0,0,0,100000,0,0,0
114,2020-12-16,12668.16,0.00573519,11813.05219,12832.817809999999,12322.935,0,0,0,0,0,0,100000,0,0,0
115,2020-12-17,12752.06,0.006622903,11863.40269,12868.202309999999,12365.8025,0,0,0,0,0,0,100000,0,0,0
116,2020-12-18,12738.18,-0.001088452,11908.2895,12898.5905,12403.44,0,0,0,0,0,0,100000,0,0,0
117,2020-12-21,12690.26,-0.0037619190000000003,11990.9407,12894.3213,12442.631000000001,0,0,0,0,0,0,100000,0,0,0
118,2020-12-22,12717.56,0.0021512560000000003,12092.87423,12873.54977,12483.212,0,0,0,0,0,0,100000,0,0,0
119,2020-12-23,12653.14,-0.005065437,12164.42643,12859.33057,12511.8785,0,0,0,0,0,0,100000,0,0,0
120,2020-12-24,12711.01,0.004573568,12225.88848,12853.74752,12539.818000000001,0,0,0,0,0,0,100000,0,0,0
121,2020-12-28,12838.86,0.010058209,12257.18735,12880.51365,12568.8505,0,0,0,0,0,0,100000,0,0,0
122,2020-12-29,12843.49,0.00036062400000000004,12296.7494,12898.4686,12597.608999999999,0,0,0,0,0,0,100000,0,0,0
123,2020-12-30,12845.36,0.000145599,12304.73945,12929.48155,12617.1105,0,0,0,0,0,0,100000,0,0,0
124,2020-12-31,12888.28,0.0033412840000000004,12313.65595,12963.75205,12638.704,0,0,0,0,0,0,100000,0,0,0
125,2021-01-04,12694.66,-0.015022951000000001,12334.52851,12965.63249,12650.0805,0,0,0,0,0,0,100000,0,0,0
126,2021-01-05,12802.38,0.008485458000000001,12346.67368,12980.87732,12663.7755,0,0,0,0,0,0,100000,0,0,0
127,2021-01-06,12623.35,-0.013984119,12348.99244,12981.24656,12665.1195,0,0,0,0,0,0,100000,0,0,0
128,2021-01-07,12939.57,0.025050403,12341.726709999999,13018.89729,12680.312,0,0,0,0,0,0,100000,0,0,0
129,2021-01-08,13105.2,0.012800271,12362.52365,13072.15635,12717.34,0,0,0,0,0,0,100000,0,0,0
130,2021-01-11,12902.49,-0.015467906000000002,12411.46515,13073.28985,12742.3775,0,0,0,0,0,0,100000,0,0,0
131,2021-01-12,12892.09,-0.000806046,12480.00837,13056.41463,12768.2115,0,0,0,0,0,0,100000,0,0,0
132,2021-01-13,12973.63,0.006324808,12530.19499,13057.370009999999,12793.7825,0,0,0,0,0,0,100000,0,0,0
133,2021-01-14,12898.69,-0.0057763319999999995,12558.7443,13059.0977,12808.921,0,0,0,0,0,0,100000,0,0,0
134,2021-01-15,12803.93,-0.007346482,12574.40411,13057.01489,12815.7095,0,0,0,0,0,0,100000,0,0,0
135,2021-01-19,12996.54,0.015043038,12575.68288,13080.18412,12827.9335,0,0,0,0,0,0,100000,0,0,0
136,2021-01-20,13296.45,0.023076142,12532.01695,13179.67705,12855.847,0,0,0,0,0,0,100000,0,0,0
137,2021-01-21,13404.99,0.008163080999999999,12495.09628,13288.07072,12891.5835,0,0,0,0,0,0,100000,0,0,0
138,2021-01-22,13366.4,-0.002878779,12483.73208,13364.31892,12924.0255,0,0,0,0,0,0,100000,0,0,0
139,2021-01-25,13483.29,0.008745062,12478.7028,13452.3632,12965.533000000001,0,0,0,0,0,0,100000,0,0,0
140,2021-01-26,13490.19,0.000511745,12480.15899,13528.825009999999,13004.492,0,0,0,0,0,0,100000,0,0,0
141,2021-01-27,13112.65,-0.027986262999999997,12497.7747,13538.5883,13018.1815,0,0,0,0,0,0,100000,0,0,0
142,2021-01-28,13201.53,0.006778187,12516.34666,13555.82034,13036.0835,0,0,0,0,0,0,100000,0,0,0
143,2021-01-29,12925.38,-0.02091803,12525.321409999999,13554.847590000001,13040.0845,0,0,0,0,0,0,100000,0,0,0
144,2021-02-01,13248.9,0.025029825,12540.4859,13575.7451,13058.1155,0,0,0,0,0,0,100000,0,0,0
145,2021-02-02,13456.12,0.015640544,12579.104870000001,13613.272130000001,13096.1885,0,0,0,0,0,0,100000,0,0,0
146,2021-02-03,13402.37,-0.003994465,12611.261779999999,13641.11422,13126.188,0,0,0,0,0,0,100000,0,0,0
147,2021-02-04,13560.89,0.011827758999999998,12680.6748,13665.4552,13173.065,0,0,0,0,0,0,100000,0,0,0
148,2021-02-05,13603.96,0.003176045,12691.10269,13721.46631,13206.2845,0,0,0,0,0,0,100000,0,0,0
149,2021-02-08,13695.02,0.006693639,12679.10148,13792.449519999998,13235.7755,0,0,0,0,0,0,100000,0,0,0
150,2021-02-09,13687.08,-0.000579773,12706.76195,13843.24805,13275.005,0,0,0,0,0,0,100000,0,0,0
151,2021-02-10,13655.27,-0.00232409,12750.71986,13875.60814,13313.163999999999,0,0,0,0,0,0,100000,0,0,0
152,2021-02-11,13734.35,0.0057911709999999995,12782.580109999999,13919.81989,13351.2,0,0,0,0,0,0,100000,0,0,0
153,2021-02-12,13807.7,0.005340624,12835.05077,13958.250230000001,13396.6505,0,0,0,0,0,0,100000,0,0,0
154,2021-02-16,13773.77,-0.002457325,12933.7986,13956.4864,13445.1425,0,0,0,0,0,0,100000,0,0,0
155,2021-02-17,13699.71,-0.0053768869999999995,13003.28555,13957.31645,13480.301000000001,0,0,0,0,0,0,100000,0,0,0
156,2021-02-18,13637.51,-0.004540242,13023.63853,13971.069469999999,13497.354,0,0,0,0,0,0,100000,0,0,0
157,2021-02-19,13580.78,-0.00415985,13033.121000000001,13979.166000000001,13506.1435,0,0,0,0,0,0,100000,0,0,0
158,2021-02-22,13223.74,-0.026290095,13012.99128,13985.029719999999,13499.0105,0,0,0,0,0,0,100000,0,0,0
159,2021-02-23,13194.71,-0.002195294,12979.82361,13989.339390000001,13484.5815,0,0,0,0,0,0,100000,0,0,0
160,2021-02-24,13302.19,0.008145689000000001,12963.90333,13986.459669999998,13475.1815,0,0,0,0,0,0,100000,0,0,0
161,2021-02-25,12828.31,-0.035624209,12894.415079999999,14027.51392,13460.9645,0,0,0,0,0,0,100000,0,0,0
162,2021-02-26,12909.44,0.006324294,12838.12634,14054.593659999999,13446.36,0,0,0,0,0,0,100000,0,0,0
163,2021-03-01,13282.95,0.028933091,12901.13737,14027.33963,13464.2385,0,0,0,0,0,0,100000,0,0,0
164,2021-03-02,13059.95,-0.016788439,12870.5349,14039.0471,13454.791000000001,0,0,0,0,0,0,100000,0,0,0
165,2021-03-03,12683.33,-0.028837783,12737.65049,14094.65251,13416.1515,0,0,0,0,0,0,100000,0,0,0
166,2021-03-04,12464.0,-0.017292777,12568.03615,14170.42985,13369.233,0,0,0,0,0,0,100000,0,0,0
167,2021-03-05,12668.51,0.016408055,12470.69843,14178.529569999999,13324.614,0,0,0,0,0,0,100000,0,0,0
168,2021-03-08,12299.08,-0.029161283,12302.16835,14216.57165,13259.37,0,0,0,0,0,0,100000,0,0,0
169,2021-03-09,12794.49,0.040280249,12258.707470000001,14169.97953,13214.3435,0,0,0,0,0,0,100000,0,0,0
170,2021-03-10,12752.07,-0.00331549,12217.867740000002,14117.31826,13167.593,0,0,0,0,0,0,100000,0,0,0
171,2021-03-11,13052.9,0.02359068,12215.05446,14059.894540000001,13137.4745,0,0,0,0,0,0,100000,0,0,0
172,2021-03-12,12937.29,-0.008857036,12215.801940000001,13979.44106,13097.6215,0,0,0,0,0,0,100000,0,0,0
173,2021-03-15,13082.54,0.011227235,12245.29457,13877.43243,13061.3635,0,0,0,0,0,0,100000,0,0,0
174,2021-03-16,13152.28,0.005330769,12284.1014,13776.4766,13030.288999999999,0,0,0,0,0,0,100000,0,0,0
175,2021-03-17,13202.38,0.003809225,12322.71818,13688.12682,13005.4225,0,0,0,0,0,0,100000,0,0,0
176,2021-03-18,12789.14,-0.031300417000000004,12343.12938,13582.87862,12963.003999999999,0,0,0,0,0,0,100000,0,0,0
177,2021-03-19,12866.99,0.006087196,12379.15811,13475.47089,12927.3145,0,0,0,0,0,0,100000,0,0,0
178,2021-03-22,13086.51,0.017060711,12384.62274,13456.28326,12920.453000000001,0,0,0,0,0,0,100000,0,0,0
179,2021-03-23,13017.79,-0.005251209000000001,12389.1665,13434.0475,12911.607,0,0,0,0,0,0,100000,0,0,0
180,2021-03-24,12798.88,-0.016816218,12395.69114,13377.191859999999,12886.4415,0,0,0,0,0,0,100000,0,0,0
181,2021-03-25,12780.51,-0.0014352820000000002,12391.64632,13376.45668,12884.0515,0,0,0,0,0,0,100000,0,0,0
182,2021-03-26,12979.12,0.015540068,12393.391000000001,13381.68,12887.5355,0,0,0,0,0,0,100000,0,0,0
183,2021-03-29,12965.74,-0.0010308869999999999,12411.793670000001,13331.55633,12871.675,0,0,0,0,0,0,100000,0,0,0
184,2021-03-30,12896.53,-0.005337914,12411.976429999999,13315.031570000001,12863.503999999999,0,0,0,0,0,0,100000,0,0,0
185,2021-03-31,13091.44,0.015113368,12429.78665,13338.03235,12883.9095,0,0,0,0,0,0,100000,0,0,0
186,2021-04-01,13329.51,0.018185165,12476.60377,13377.76623,12927.185,0,0,0,0,0,0,100000,0,0,0
187,2021-04-05,13598.16,0.020154528999999997,12449.6258,13497.7092,12973.6675,0,0,0,0,0,0,100000,0,0,0
188,2021-04-06,13578.46,-0.001448725,12549.17843,13526.09457,13037.6365,0,0,0,0,0,0,100000,0,0,0
189,2021-04-07,13616.7,0.002816225,12540.582190000001,13616.91181,13078.747,0,0,0,0,0,0,100000,0,0,0
190,2021-04-08,13758.5,0.010413683,12534.28368,13723.853319999998,13129.0685,0,0,0,0,0,0,100000,0,0,0
191,2021-04-09,13845.05,0.006290657,12494.98148,13842.370519999999,13168.676000000001,0,0,0,0,0,0,100000,0,0,0
192,2021-04-12,13819.35,-0.0018562589999999999,12489.22183,13936.336169999999,13212.778999999999,0,0,0,0,0,0,100000,0,0,0
193,2021-04-13,13986.49,0.012094635,12459.60957,14056.34343,13257.9765,0,0,0,0,0,0,100000,0,0,0
194,2021-04-14,13803.91,-0.013054026000000002,12457.90316,14123.21284,13290.558,0,0,0,0,0,0,100000,0,0,0
195,2021-04-15,14026.19,0.016102684,12438.182270000001,14225.314730000002,13331.7485,0,0,0,0,0,0,100000,0,0,0
196,2021-04-16,14041.91,0.001120761,12485.46959,14303.304409999999,13394.386999999999,0,0,0,0,0,0,100000,0,0,0
197,2021-04-19,13907.67,-0.009559953000000001,12545.5112,14347.3308,13446.421,0,0,0,0,0,0,100000,0,0,0
198,2021-04-20,13809.3,-0.007073076,12584.45645,14380.66455,13482.5605,0,0,0,0,0,0,100000,0,0,0
199,2021-04-21,13935.15,0.009113424,12636.58773,14420.269269999999,13528.4285,0,0,0,0,0,0,100000,0,0,0
200,2021-04-22,13762.36,-0.012399578999999999,12748.90778,14404.297219999999,13576.6025,0,0,0,0,0,0,100000,0,0,0
201,2021-04-23,13941.44,0.013012303000000001,12882.6582,14386.6398,13634.649,0,0,0,0,0,0,100000,0,0,0
202,2021-04-26,14026.16,0.006076847,12982.90378,14391.098219999998,13687.001,0,0,0,0,0,0,100000,0,0,0
203,2021-04-27,13960.28,-0.0046969379999999995,13110.99311,14362.46289,13736.728000000001,0,0,0,0,0,0,100000,0,0,0
204,2021-04-28,13901.62,-0.004201921,13299.11256,14274.85244,13786.9825,0,0,0,0,0,0,100000,0,0,0
205,2021-04-29,13970.21,0.004933957,13463.35081,14198.49119,13830.921,0,0,0,0,0,0,100000,0,0,0
206,2021-04-30,13860.76,-0.007834528,13575.71155,14139.25545,13857.4835,0,0,0,0,0,0,100000,0,0,0
207,2021-05-03,13799.72,-0.004403799,13611.60718,14123.515819999999,13867.5615,0,0,0,0,0,0,100000,0,0,0
208,2021-05-04,13544.67,-0.018482258999999997,13601.5727,14130.1713,13865.872,0,0,0,0,0,0,100000,0,0,0
209,2021-05-05,13503.37,-0.00304917,13569.8388,14150.5722,13860.2055,0,0,0,0,0,0,100000,0,0,0
210,2021-05-06,13613.73,0.008172775,13545.2268,14160.7072,13852.966999999999,0,0,0,0,0,0,100000,0,0,0
211,2021-05-07,13719.63,0.0077789109999999995,13533.218490000001,14160.173509999999,13846.696000000002,0,0,0,0,0,0,100000,0,0,0
212,2021-05-10,13359.08,-0.026279862999999997,13441.66491,14205.70009,13823.6825,0,0,0,0,0,0,100000,0,0,0
213,2021-05-11,13351.27,-0.000584621,13364.02704,14219.81596,13791.9215,0,0,0,0,0,0,100000,0,0,0
214,2021-05-12,13001.63,-0.026187771000000002,13197.033159999999,14306.58184,13751.8075,0,0,0,0,0,0,100000,0,0,0
215,2021-05-13,13109.15,0.008269732,13097.66125,14314.24975,13705.9555,0,0,0,0,0,0,100000,0,0,0
216,2021-05-14,13393.12,0.021661969,13071.49166,14275.540340000001,13673.516000000001,0,0,0,0,0,0,100000,0,0,0
217,2021-05-17,13312.91,-0.005988896,13031.77872,14255.777280000002,13643.778,0,0,0,0,0,0,100000,0,0,0
218,2021-05-18,13217.68,-0.007153206999999999,12979.127,14249.267,13614.197,0,0,0,0,0,0,100000,0,0,0
219,2021-05-19,13237.91,0.0015305260000000002,12941.903479999999,14216.76652,13579.335,0,0,0,0,0,0,100000,0,0,0
220,2021-05-20,13494.09,0.019351997,12933.43517,14198.407830000002,13565.9215,0,0,0,0,0,0,100000,0,0,0
221,2021-05-21,13411.74,-0.006102672,12929.18827,14149.68473,13539.4365,0,0,0,0,0,0,100000,0,0,0
222,2021-05-24,13641.75,0.017149900000000003,12951.7289,14088.7031,13520.216,0,0,0,0,0,0,100000,0,0,0
223,2021-05-25,13657.73,0.001171404,12970.83635,14039.34065,13505.0885,0,0,0,0,0,0,100000,0,0,0
224,2021-05-26,13702.74,0.00329557,12985.11423,14005.17477,13495.1445,0,0,0,0,0,0,100000,0,0,0
225,2021-05-27,13657.85,-0.003275987,13013.5179,13945.5351,13479.5265,0,0,0,0,0,0,100000,0,0,0
226,2021-05-28,13686.51,0.002098427,13028.924729999999,13912.703269999998,13470.813999999998,0,0,0,0,0,0,100000,0,0,0
227,2021-06-01,13654.59,-0.002332223,13040.02463,13887.090369999998,13463.5575,0,0,0,0,0,0,100000,0,0,0
228,2021-06-02,13675.79,0.001552591,13037.335640000001,13902.89136,13470.1135,0,0,0,0,0,0,100000,0,0,0
229,2021-06-03,13529.68,-0.010683843,13038.06595,13904.79205,13471.428999999998,0,0,0,0,0,0,100000,0,0,0
230,2021-06-04,13770.77,0.017819342,13029.67552,13928.886480000001,13479.281,0,0,0,0,0,0,100000,0,0,0
231,2021-06-07,13802.89,0.002332477,13023.05568,13943.83232,13483.444,0,0,0,0,0,0,100000,0,0,0
232,2021-06-08,13810.86,0.000577415,13027.366590000001,13984.69941,13506.033000000001,0,0,0,0,0,0,100000,0,0,0
233,2021-06-09,13814.94,0.00029542,13037.3779,14021.0551,13529.2165,0,0,0,0,0,0,100000,0,0,0
234,2021-06-10,13960.35,0.010525561000000001,13115.89082,14038.414180000002,13577.1525,0,0,0,0,0,0,100000,0,0,0
235,2021-06-11,13998.3,0.002718413,13179.26444,14063.955559999999,13621.61,0,0,0,0,0,0,100000,0,0,0
236,2021-06-14,14128.2,0.009279698000000001,13175.64381,14141.084190000001,13658.364,0,0,0,0,0,0,100000,0,0,0
237,2021-06-15,14030.41,-0.006921618,13212.97342,14175.50458,13694.239,0,0,0,0,0,0,100000,0,0,0
238,2021-06-16,13983.01,-0.0033783759999999998,13290.69764,14174.31336,13732.5055,0,0,0,0,0,0,100000,0,0,0
239,2021-06-17,14163.81,0.012929976999999999,13361.86767,14195.733330000001,13778.8005,0,0,0,0,0,0,100000,0,0,0
240,2021-06-18,14049.58,-0.00806492,13395.53276,14217.617240000001,13806.575,0,0,0,0,0,0,100000,0,0,0
241,2021-06-21,14137.23,0.006238621,13450.91477,14234.784230000001,13842.8495,0,0,0,0,0,0,100000,0,0,0
242,2021-06-22,14270.42,0.009421223000000001,13450.69552,14297.870480000001,13874.283000000001,0,0,0,0,0,0,100000,0,0,0
243,2021-06-23,14274.24,0.000267687,13458.75689,14351.46011,13905.1085,0,0,0,0,0,0,100000,0,0,0
244,2021-06-24,14365.96,0.006425561,13457.96709,14418.571909999999,13938.2695,0,0,0,0,0,0,100000,0,0,0
245,2021-06-25,14345.18,-0.001446475,13478.651269999998,14466.62073,13972.636,0,0,0,0,0,0,100000,0,0,0
246,2021-06-28,14524.98,0.012533826999999999,13482.00586,14547.113140000001,14014.5595,0,0,0,0,0,0,100000,0,0,0
247,2021-06-29,14572.75,0.0032888170000000003,13500.954319999999,14619.98068,14060.4675,0,0,0,0,0,0,100000,0,0,0
248,2021-06-30,14554.8,-0.0012317510000000001,13534.14269,14674.693309999999,14104.418,0,0,0,0,0,0,100000,0,0,0
249,2021-07-01,14560.05,0.00036070599999999997,13619.09196,14692.78104,14155.9365,0,0,0,0,0,0,100000,0,0,0
250,2021-07-02,14727.63,0.011509576,13641.516969999999,14766.04203,14203.7795,0,0,0,0,0,0,100000,0,0,0
251,2021-07-06,14786.36,0.003987743,13666.79908,14839.106919999998,14252.953000000001,0,0,0,0,0,0,100000,0,0,0
252,2021-07-07,14814.11,0.00187673,13704.676580000001,14901.554419999999,14303.1155,0,0,0,0,0,0,100000,0,0,0
