,date,close,ROI,EMA_5,EMA_10,EMA_15,EMA_20,EMA_50,Entry_signal_long_7,Exit_signal_long_7,LONG,SHORT,account_value,cash_flow,shares_long,shares_short
0,2020-07-07,10524.01,,,,,,,0,0,0,0,100000.0,0,0.0,0
1,2020-07-08,10666.7,0.01355851999380464,,,,,,0,0,0,0,100000.0,0,0.0,0
2,2020-07-09,10754.59,0.008239661751056948,,,,,,0,0,0,0,100000.0,0,0.0,0
3,2020-07-10,10836.33,0.0076004757038621315,,,,,,0,0,0,0,100000.0,0,0.0,0
4,2020-07-13,10602.21,-0.02160510061985943,10676.768,,,,,0,0,0,0,100000.0,0,0.0,0
5,2020-07-14,10689.52,0.008235075517274426,10681.018666666667,,,,,0,0,0,0,100000.0,0,0.0,0
6,2020-07-15,10701.68,0.0011375627717615804,10687.905777777778,,,,,0,0,0,0,100000.0,0,0.0,0
7,2020-07-16,10626.46,-0.0070288029543026384,10667.423851851852,,,,,0,0,0,0,100000.0,0,0.0,0
8,2020-07-17,10645.22,0.001765404471479659,10660.022567901236,,,,,0,0,0,0,100000.0,0,0.0,0
9,2020-07-20,10952.08,0.0288260834440246,10757.37504526749,10699.88,,,,0,0,0,0,100000.0,0,0.0,0
10,2020-07-21,10833.07,-0.010866429025354065,10782.606696844994,10724.096363636363,,,,0,0,0,0,100000.0,0,0.0,0
11,2020-07-22,10870.75,0.003478238394102551,10811.987797896663,10750.760661157025,,,,0,0,0,0,100000.0,0,0.0,0
12,2020-07-23,10580.59,-0.02669181059264536,10734.855198597776,10719.820540946657,,,,0,0,0,0,100000.0,0,0.0,0
13,2020-07-24,10483.13,-0.009211206558424556,10650.946799065185,10676.785897138174,,,,0,0,0,0,100000.0,0,0.0,0
14,2020-07-27,10674.38,0.018243597093616115,10658.757866043456,10676.348461294869,10696.048,,,0,0,0,0,100000.0,0,0.0,0
15,2020-07-28,10532.5,-0.013291638483921231,10616.671910695635,10650.194195604892,10675.6045,,,0,0,0,0,100000.0,0,0.0,0
16,2020-07-29,10662.98,0.01238832186090666,10632.107940463758,10652.518887313094,10674.0264375,,,0,0,0,0,100000.0,0,0.0,0
17,2020-07-30,10715.51,0.0049263901836071895,10659.908626975839,10663.97181689253,10679.2118828125,,,0,0,0,0,100000.0,0,0.0,0
18,2020-07-31,10905.88,0.017765836623734987,10741.89908465056,10707.955122912068,10707.545397460939,,,0,0,0,0,100000.0,0,0.0,0
19,2020-08-03,11055.08,0.013680693350742956,10846.292723100374,10771.068736928055,10750.987222778322,10715.6335,,0,0,0,0,100000.0,0,0.0,0
20,2020-08-04,11096.54,0.0037503120737254476,10929.708482066917,10830.245330213862,10794.18131993103,10751.91030952381,,0,0,0,0,100000.0,0,0.0,0
21,2020-08-05,11125.44,0.002604415430395468,10994.952321377945,10883.917088356795,10835.588654939653,10787.484565759638,,0,0,0,0,100000.0,0,0.0,0
22,2020-08-06,11267.08,0.012731181867863263,11085.661547585298,10953.583072291924,10889.525073072196,10833.160321401578,,0,0,0,0,100000.0,0,0.0,0
23,2020-08-07,11139.39,-0.011333016185205104,11103.571031723533,10987.366150057027,10920.75818893817,10862.325052696666,,0,0,0,0,100000.0,0,0.0,0
24,2020-08-10,11085.17,-0.004867411949846412,11097.437354482354,11005.148668228476,10941.3096653209,10883.548381011273,,0,0,0,0,100000.0,0,0.0,0
25,2020-08-11,10876.08,-0.018862137432263167,11023.651569654905,10981.681637641479,10933.155957155786,10882.837106629244,,0,0,0,0,100000.0,0,0.0,0
26,2020-08-12,11157.72,0.025895359357415385,11068.341046436599,11013.688612615757,10961.226462511313,10909.01642980741,,0,0,0,0,100000.0,0,0.0,0
27,2020-08-13,11178.37,0.0018507365304023526,11105.017364291067,11043.630683049252,10988.369404697398,10934.669150778132,,0,0,0,0,100000.0,0,0.0,0
28,2020-08-14,11164.45,-0.0012452620552012572,11124.828242860713,11065.597831585752,11010.379479110225,10956.553041180216,,0,0,0,0,100000.0,0,0.0,0
29,2020-08-17,11288.57,0.011117430773571302,11179.408828573809,11106.138225842886,11045.153294221444,10988.173703924956,,0,0,0,0,100000.0,0,0.0,0
30,2020-08-18,11399.03,0.009785118930032866,11252.615885715872,11159.391275689632,11089.387882443765,11027.302874979725,,0,0,0,0,100000.0,0,0.0,0
31,2020-08-19,11318.64,-0.007052354454721298,11274.623923810583,11188.345589200608,11118.044397138294,11055.049267838796,,0,0,0,0,100000.0,0,0.0,0
32,2020-08-20,11477.05,0.01399549769230224,11342.099282540388,11240.837300255043,11162.920097496008,11095.239813758908,,0,0,0,0,100000.0,0,0.0,0
33,2020-08-21,11555.16,0.006805755834469629,11413.119521693592,11297.986882026853,11211.950085309009,11139.041736258065,,0,0,0,0,100000.0,0,0.0,0
34,2020-08-24,11626.17,0.006145306512415294,11484.13634779573,11357.656539840149,11263.727574645382,11185.434904233483,,0,0,0,0,100000.0,0,0.0,0
35,2020-08-25,11721.81,0.008226268840039186,11563.360898530484,11423.866259869214,11320.987877814707,11236.51824668744,,0,0,0,0,100000.0,0,0.0,0
36,2020-08-26,11971.94,0.021338854664936683,11699.553932353658,11523.516030802084,11402.356893087868,11306.558413669587,,0,0,0,0,100000.0,0,0.0,0
37,2020-08-27,11926.16,-0.003823941650225482,11775.089288235771,11596.724025201704,11467.832281451885,11365.5680885582,,0,0,0,0,100000.0,0,0.0,0
38,2020-08-28,11995.85,0.005843456737122389,11848.676192157185,11669.29238425594,11533.8344962704,11425.59493726694,,0,0,0,0,100000.0,0,0.0,0
39,2020-08-31,12110.7,0.009574144391602202,11936.017461438125,11749.548314391222,11605.9426842366,11490.843038479614,,0,0,0,0,100000.0,0,0.0,0
40,2020-09-01,12292.86,0.015041244519309329,12054.964974292085,11848.332257229185,11691.807348707023,11567.225606243459,,0,0,0,0,100000.0,0,0.0,0
41,2020-09-02,12420.54,0.01038651705136151,12176.823316194725,11952.37002864206,11782.898930118647,11648.493643744085,,0,0,0,0,100000.0,0,0.0,0
42,2020-09-03,11771.37,-0.05226584351405017,12041.672210796482,11919.460932525322,11781.457813853816,11660.196153863697,,0,0,0,0,100000.0,0,0.0,0
43,2020-09-04,11622.13,-0.012678218423174292,11901.824807197656,11865.400762975263,11761.54183712209,11656.570805876678,,0,0,0,0,100000.0,0,0.0,0
44,2020-09-08,11068.26,-0.04765649670069072,11623.969871465106,11720.466078797945,11674.881607481828,11600.541205316993,,0,0,0,0,100000.0,0,0.0,0
45,2020-09-09,11395.85,0.02959724473404135,11547.92991431007,11661.444973561953,11640.0026565466,11581.046804810612,,0,0,0,0,100000.0,0,0.0,0
46,2020-09-10,11154.12,-0.021212107916478318,11416.659942873384,11569.20406927796,11579.267324478276,11540.387109114363,,0,0,0,0,100000.0,0,0.0,0
47,2020-09-11,11087.4,-0.005981646243719885,11306.906628582256,11481.603329409241,11517.783908918489,11497.2454796749,,0,1,0,0,100000.0,0,0.0,0
48,2020-09-14,11277.76,0.017169038728646946,11297.191085721504,11444.540905880283,11487.78092030368,11476.342100658245,,0,0,0,0,100000.0,0,0.0,0
49,2020-09-15,11438.87,0.014285638282779622,11344.417390481003,11443.50983208387,11481.667055265718,11472.773329166985,11166.463,0,0,0,0,100000.0,0,0.0,0
50,2020-09-16,11247.6,-0.01672105723729711,11312.144926987336,11407.889862614076,11452.408673357504,11451.328250198701,11169.644843137256,0,0,0,0,100000.0,0,0.0,0
51,2020-09-17,11080.95,-0.014816494185426188,11235.079951324893,11348.446251229698,11405.976339187815,11416.054131132158,11166.16661399462,0,0,0,0,100000.0,0,0.0,0
52,2020-09-18,10936.98,-0.01299256832672302,11135.713300883262,11273.63420555157,11347.351796789337,11370.428023405286,11157.178903641887,0,0,0,0,100000.0,0,0.0,0
53,2020-09-21,10980.22,0.003953559392080752,11083.882200588845,11220.286168178558,11301.460322190671,11333.265354509544,11150.239338793188,0,0,0,0,100000.0,0,0.0,0
54,2020-09-22,11186.37,0.01877466935999484,11118.044800392563,11214.119592146091,11287.07403191683,11319.275320746729,11151.656227467964,0,0,0,0,100000.0,0,0.0,0
55,2020-09-23,10833.33,-0.0315598357644169,11023.139866928377,11144.885120846799,11230.35602792723,11272.994814008947,11139.172845998635,0,0,0,0,100000.0,0,0.0,0
56,2020-09-24,10896.47,0.005828309485633731,10980.916577952252,11099.718735238292,11188.620274436324,11237.135307912857,11129.655087332021,0,0,0,0,100000.0,0,0.0,0
57,2020-09-25,11151.13,0.02337087148406769,11037.654385301505,11109.066237922236,11183.933990131785,11228.94432620687,11130.497240769982,0,0,0,0,100000.0,0,0.0,0
58,2020-09-28,11364.45,0.01912989983974733,11146.586256867671,11155.4996492091,11206.498491365313,11241.849628472883,11139.671858779004,0,0,0,0,100000.0,0,0.0,0
59,2020-09-29,11322.95,-0.0036517385355208094,11205.374171245117,11185.945167534719,11221.054929944648,11249.57347338023,11146.859236866103,0,0,0,0,100000.0,0,0.0,0
60,2020-09-30,11418.06,0.008399754480943544,11276.269447496743,11228.147864346587,11245.680563701564,11265.61980924878,11157.494560910569,0,0,0,0,100000.0,0,0.0,0
61,2020-10-01,11583.2,0.01446305239243806,11378.579631664497,11292.702798101755,11287.87049323887,11295.865541701276,11174.188891855252,0,0,0,0,100000.0,0,0.0,0
62,2020-10-02,11255.69,-0.02827457006699363,11337.616421109666,11285.973198446887,11283.847931584009,11292.039299634487,11177.385013743282,0,0,0,0,100000.0,0,0.0,0
63,2020-10-05,11509.06,0.02251039252147136,11394.764280739775,11326.53443509291,11311.999440136009,11312.707937764537,11190.391875949428,1,0,1,0,99000.0,-1000,0.08688806905168624,0
64,2020-10-06,11291.27,-0.01892335255876665,11360.26618715985,11320.122719621471,11309.40826011901,11310.666229406008,11194.347880814155,0,0,1,0,99000.0,0,0.08688806905168624,0
65,2020-10-07,11503.19,0.01876848219907945,11407.907458106567,11353.407679690295,11333.63097760413,11329.001826605438,11206.459336468504,0,0,1,0,99000.0,0,0.08688806905168624,0
66,2020-10-08,11550.94,0.0041510224555101356,11455.584972071047,11389.322647019331,11360.794605403618,11350.138795500156,11219.968382097193,0,0,1,0,99000.0,0,0.08688806905168624,0
67,2020-10-09,11725.85,0.015142490567867206,11545.673314714033,11450.509438470364,11406.426529728169,11385.92081497633,11239.80687691691,0,0,1,0,99000.0,0,0.08688806905168624,0
68,2020-10-12,12088.11,0.03089413560637388,11726.485543142693,11566.436813293933,11491.636963512146,11452.795975454776,11273.073666057424,0,0,1,0,99000.0,0,0.08688806905168624,0
69,2020-10-13,12083.17,-0.0004086660362951911,11845.380362095128,11660.388301785944,11565.578593073127,11512.831596840037,11304.842149741446,0,0,1,0,99000.0,0,0.08688806905168624,0
70,2020-10-14,11985.36,-0.008094730108075932,11892.040241396753,11719.474065097593,11618.051268938987,11557.834301902889,11331.529124261391,0,0,1,0,99000.0,0,0.08688806905168624,0
71,2020-10-15,11898.57,-0.007241334428002233,11894.216827597837,11752.036962352571,11653.116110321616,11590.28532076928,11353.76602134918,0,0,1,0,99000.0,0,0.08688806905168624,0
72,2020-10-16,11852.17,-0.0038996282746581725,11880.201218398559,11770.24296919756,11677.997846531409,11615.226718791253,11373.311275413918,0,0,1,0,99000.0,0,0.08688806905168624,0
73,2020-10-19,11634.35,-0.018378069163705886,11798.250812265707,11745.535156616184,11672.541865714986,11617.047983668277,11383.548088142783,0,0,1,0,99000.0,0,0.08688806905168624,0
74,2020-10-20,11677.84,0.0037380687361132647,11758.113874843806,11733.226946322331,11673.204132500612,11622.837699509391,11395.088947431304,0,0,1,0,99000.0,0,0.08688806905168624,0
75,2020-10-21,11665.37,-0.0010678344625375538,11727.199249895872,11720.889319718272,11672.224865938037,11626.888394794212,11405.68820439478,0,0,1,0,99000.0,0,0.08688806905168624,0
76,2020-10-22,11662.91,-0.0002108805807274905,11705.769499930579,11710.34762522404,11671.060507695778,11630.319023861433,11415.7753336342,0,0,1,0,99000.0,0,0.08688806905168624,0
77,2020-10-23,11692.57,0.0025431045939650065,11701.369666620389,11707.115329728755,11673.74919423381,11636.247688255578,11426.630026432858,0,0,1,0,99000.0,0,0.08688806905168624,0
78,2020-10-26,11504.52,-0.016082862877878745,11635.75311108026,11670.27981523262,11652.595544954585,11623.702194136004,11429.6845352002,0,0,1,0,99000.0,0,0.08688806905168624,0
79,2020-10-27,11598.95,0.008208078216214165,11623.485407386841,11657.310757917598,11645.889851835258,11621.344842313529,11436.322396564898,0,0,1,0,99000.0,0,0.08688806905168624,0
80,2020-10-28,11142.76,-0.0393302842067601,11463.243604924563,11563.756074659852,11582.998620355853,11575.765333521762,11424.810145719217,0,1,0,0,99968.17290030637,968,0.0,0
81,2020-10-29,11350.74,0.018665034515685568,11425.742403283042,11525.02587926715,11553.96629281137,11554.334349376832,11421.905434122384,0,0,0,0,99968.17290030637,0,0.0,0
82,2020-10-30,11052.95,-0.02623529391035296,11301.478268855359,11439.19390121858,11491.339256209949,11506.58345895999,11407.436593568567,0,0,0,0,99968.17290030637,0,0.0,0
83,2020-11-02,11084.76,0.0028779647062548985,11229.238845903577,11374.751373724292,11440.516849183703,11466.409796201897,11394.782609507054,0,0,0,0,99968.17290030637,0,0.0,0
84,2020-11-03,11279.91,0.01760525261710666,11246.129230602382,11357.507487592602,11420.44099303574,11448.647910849337,11390.277801291091,0,0,0,0,99968.17290030637,0,0.0,0
85,2020-11-04,11777.02,0.044070387086421865,11423.092820401593,11433.78248984849,11465.013368906277,11479.921443149397,11405.444162024773,0,0,0,0,99968.17290030637,0,0.0,0
86,2020-11-05,12078.07,0.025562493737804504,11641.418546934394,11550.925673512402,11541.645447792993,11536.887972373264,11431.821645866941,1,0,1,0,98968.17290030637,-1000,0.08279468491240737,0
87,2020-11-06,12091.35,0.0010995134156368547,11791.395697956264,11649.184641964692,11610.358516818867,11589.693879766292,11457.685502891765,0,0,1,0,98968.17290030637,0,0.08279468491240737,0
88,2020-11-09,11830.39,-0.021582370868430845,11804.39379863751,11682.131070698382,11637.862452216508,11612.617319788546,11472.301365523459,0,0,1,0,98968.17290030637,0,0.08279468491240737,0
89,2020-11-10,11624.29,-0.017421234633853918,11744.359199091676,11671.614512389586,11636.165895689446,11613.729003618208,11478.261704130384,0,0,1,0,98968.17290030637,0,0.08279468491240737,0
90,2020-11-11,11892.93,0.023110228667729386,11793.88279939445,11711.853691955117,11668.261408728264,11640.319574702187,11494.523205929192,0,0,1,0,98968.17290030637,0,0.08279468491240737,0
91,2020-11-12,11827.14,-0.0055318580030321324,11804.968532929634,11732.814838872368,11688.121232637232,11658.111996159121,11507.567001775105,0,0,1,0,98968.17290030637,0,0.08279468491240737,0
92,2020-11-13,11937.84,0.009359828327051293,11849.25902195309,11770.092140895571,11719.336078557575,11684.752758429682,11524.440452685883,0,0,1,0,98968.17290030637,0,0.08279468491240737,0
93,2020-11-16,12013.38,0.006327777889467257,11903.966014635393,11814.326297096377,11756.09156873788,11716.050590960189,11543.614552580557,0,0,1,0,98968.17290030637,0,0.08279468491240737,0
94,2020-11-17,11977.49,-0.002987502268304132,11928.474009756928,11843.992424897036,11783.766372645647,11740.949582297311,11560.629276008767,0,0,1,0,98968.17290030637,0,0.08279468491240737,0
95,2020-11-18,11894.71,-0.006911297776078351,11917.219339837951,11853.213802188482,11797.634326064941,11755.593431602329,11573.730480871172,0,0,1,0,98968.17290030637,0,0.08279468491240737,0
96,2020-11-19,11985.43,0.007626919866058123,11939.956226558636,11877.253110881484,11821.108785306824,11777.482628592583,11589.875560052695,0,0,1,0,98968.17290030637,0,0.08279468491240737,0
97,2020-11-20,11906.44,-0.006590501967805862,11928.784151039092,11882.55981799394,11831.775187143467,11789.764283012339,11602.289851815336,0,0,1,0,98968.17290030637,0,0.08279468491240737,0
98,2020-11-23,11905.94,-4.199408051441811e-05,11921.169434026062,11886.81076017686,11841.045788750536,11800.828637011164,11614.197700763754,0,0,1,0,98968.17290030637,0,0.08279468491240737,0
99,2020-11-24,12079.81,0.01460363482429772,11974.049622684042,11921.901531053794,11870.891315156721,11827.398290629148,11632.457006616154,0,0,1,0,98968.17290030637,0,0.08279468491240737,0
100,2020-11-25,12152.22,0.005994299579215268,12033.439748456029,11963.77761631674,11906.057400762129,11858.33369152161,11652.839869101797,0,0,1,0,98968.17290030637,0,0.08279468491240737,0
101,2020-11-27,12258.21,0.008721863165742638,12108.36316563735,12017.31077698642,11950.07647566686,11896.417149471928,11676.579874235062,0,0,1,0,98968.17290030637,0,0.08279468491240737,0
102,2020-11-30,12268.32,0.0008247533693745979,12161.682110424905,12062.948817534343,11989.856916208504,11931.836468569843,11699.7853693631,0,0,1,0,98968.17290030637,0,0.08279468491240737,0
103,2020-12-01,12455.33,0.015243325899552797,12259.564740283271,12134.290850709916,12048.041051682441,11981.692995372714,11729.414570564548,0,0,1,0,98968.17290030637,0,0.08279468491240737,0
104,2020-12-02,12456.41,8.670986637837608e-05,12325.179826855516,12192.857968762659,12099.087170222141,12026.904138670552,11757.924195248292,0,0,1,0,98968.17290030637,0,0.08279468491240737,0
105,2020-12-03,12467.13,0.0008606010881144768,12372.496551237007,12242.72561080581,12145.092523944373,12068.830411178118,11785.7361875915,0,0,1,0,98968.17290030637,0,0.08279468491240737,0
106,2020-12-04,12528.48,0.004920940104097715,12424.491034158007,12294.680954295662,12193.015958451324,12112.606562494488,11814.863395921246,0,0,1,0,98968.17290030637,0,0.08279468491240737,0
107,2020-12-07,12596.47,0.005426835498001381,12481.817356105337,12349.551689878272,12243.44771364491,12158.688794637872,11845.514635296882,0,0,1,0,98968.17290030637,0,0.08279468491240737,0
108,2020-12-08,12635.72,0.0031159523263264433,12533.118237403558,12401.582291718583,12292.481749439297,12204.12033800569,11876.503080971515,0,0,1,0,98968.17290030637,0,0.08279468491240737,0
109,2020-12-09,12364.64,-0.02145346683845484,12476.958824935708,12394.865511406111,12301.501530759384,12219.407924862293,11895.645705247141,0,0,1,0,98968.17290030637,0,0.08279468491240737,0
110,2020-12-10,12401.74,0.003000491724789445,12451.885883290472,12396.115418423182,12314.03133941446,12236.772884399215,11915.49254033549,0,0,1,0,98968.17290030637,0,0.08279468491240737,0
111,2020-12-11,12375.41,-0.002123089179421611,12426.393922193647,12392.350796891691,12321.703671987654,12249.97641921834,11933.528519145864,0,0,1,0,98968.17290030637,0,0.08279468491240737,0
112,2020-12-14,12462.21,0.007013909034124799,12438.332614795769,12405.052470184111,12339.266962989197,12270.189141197545,11954.261126238183,0,0,1,0,98968.17290030637,0,0.08279468491240737,0
113,2020-12-15,12595.92,0.010729236628174377,12490.861743197178,12439.755657423362,12371.348592615546,12301.211127750159,11979.424219326887,0,0,1,0,98968.17290030637,0,0.08279468491240737,0
114,2020-12-16,12668.16,0.005735190442619498,12549.961162131453,12481.283719710025,12408.450018538604,12336.158639393001,12006.43346562779,0,0,1,0,98968.17290030637,0,0.08279468491240737,0
115,2020-12-17,12752.06,0.006622903405072211,12617.32744142097,12530.515770671836,12451.401266221279,12375.768292784143,12035.673721877683,0,0,1,0,98968.17290030637,0,0.08279468491240737,0
116,2020-12-18,12738.18,-0.0010884515913506254,12657.61162761398,12568.272903276955,12487.24860794362,12410.283693471367,12063.222987686398,0,0,1,0,98968.17290030637,0,0.08279468491240737,0
117,2020-12-21,12690.26,-0.003761918892651872,12668.494418409322,12590.452375408418,12512.625031950669,12436.94810361695,12087.812674443796,0,0,1,0,98968.17290030637,0,0.08279468491240737,0
118,2020-12-22,12717.56,0.002151256160236148,12684.849612272881,12613.562852606887,12538.241902956834,12463.673046129625,12112.508647995019,0,0,1,0,98968.17290030637,0,0.08279468491240737,0
119,2020-12-23,12653.14,-0.005065437080697843,12674.279741515254,12620.758697587451,12552.604165087228,12481.717517926802,12133.709877485413,0,0,1,0,98968.17290030637,0,0.08279468491240737,0
120,2020-12-24,12711.01,0.004573568300042519,12686.523161010171,12637.168025298823,12572.404894451323,12503.554897171867,12156.34909797618,0,0,1,0,98968.17290030637,0,0.08279468491240737,0
121,2020-12-28,12838.86,0.010058209379113059,12737.302107340114,12673.839293426308,12605.71178264491,12535.488716488833,12183.11423138888,0,0,1,0,98968.17290030637,0,0.08279468491240737,0
122,2020-12-29,12843.49,0.00036062391832292207,12772.698071560075,12704.684876439707,12635.434059814297,12564.822172061326,12209.01132035402,0,0,1,0,98968.17290030637,0,0.08279468491240737,0
123,2020-12-30,12845.36,0.00014559905446276392,12796.918714373383,12730.262171632488,12661.67480233751,12591.540060436435,12233.966170536218,0,0,1,0,98968.17290030637,0,0.08279468491240737,0
124,2020-12-31,12888.28,0.0033412843236779732,12827.372476248926,12758.992685881123,12690.00045204532,12619.801007061538,12259.625536397543,0,0,1,0,98968.17290030637,0,0.08279468491240737,0
125,2021-01-04,12694.66,-0.0150229510842409,12783.134984165952,12747.29583390274,12690.582895539656,12626.930434960439,12276.685711440776,0,0,1,0,98968.17290030637,0,0.08279468491240737,0
126,2021-01-05,12802.38,0.008485457664876295,12789.549989443967,12757.311136829512,12704.557533597199,12643.639917345161,12297.301173737216,0,0,1,0,98968.17290030637,0,0.08279468491240737,0
127,2021-01-06,12623.35,-0.013984118577951787,12734.149992962646,12732.954566496872,12694.406591897548,12641.707544264673,12310.08740221811,0,0,1,0,98968.17290030637,0,0.08279468491240737,0
128,2021-01-07,12939.57,0.025050402626877855,12802.623328641765,12770.521008951984,12725.052017910357,12670.075397191844,12334.772994287989,0,0,1,0,98968.17290030637,0,0.08279468491240737,0
129,2021-01-08,13105.2,0.012800270797252322,12903.482219094512,12831.37173459708,12772.57051567156,12711.515835554526,12364.9858180414,0,0,1,0,98968.17290030637,0,0.08279468491240737,0
130,2021-01-11,12902.49,-0.015467905869425924,12903.151479396345,12844.3023283067,12788.810451212617,12729.703851216002,12386.064413412329,0,0,1,0,98968.17290030637,0,0.08279468491240737,0
131,2021-01-12,12892.09,-0.0008060459647710737,12899.464319597559,12852.9909958873,12801.72039481104,12745.16919871924,12405.908554062824,0,0,1,0,98968.17290030637,0,0.08279468491240737,0
132,2021-01-13,12973.63,0.006324808467827793,12924.18621306504,12874.925360271423,12823.20909545966,12766.927370269785,12428.172140178009,0,0,1,0,98968.17290030637,0,0.08279468491240737,0
133,2021-01-14,12898.69,-0.005776332452829268,12915.687475376697,12879.246203858438,12832.644208527205,12779.476192148855,12446.62382095534,0,0,1,0,98968.17290030637,0,0.08279468491240737,0
134,2021-01-15,12803.93,-0.0073464824722511155,12878.434983584466,12865.552348611447,12829.054932461302,12781.805126229918,12460.6358279767,0,0,1,0,98968.17290030637,0,0.08279468491240737,0
135,2021-01-19,12996.54,0.01504303756737202,12917.803322389644,12889.368285227549,12849.99056590364,12802.256066588972,12481.651677859963,0,0,1,0,98968.17290030637,0,0.08279468491240737,0
136,2021-01-20,13296.45,0.02307614180389539,13044.018881593098,12963.383142458904,12905.797995165683,12849.322155485259,12513.604553238009,0,0,1,0,98968.17290030637,0,0.08279468491240737,0
137,2021-01-21,13404.99,0.008163081123156779,13164.342587728734,13043.675298375469,12968.196995769975,12902.242902581904,12548.56084526789,0,0,1,0,98968.17290030637,0,0.08279468491240737,0
138,2021-01-22,13366.4,-0.002878778723445552,13231.695058485826,13102.352516852654,13017.972371298729,12946.448340431247,12580.63296898287,0,0,1,0,98968.17290030637,0,0.08279468491240737,0
139,2021-01-25,13483.29,0.008745062245630875,13315.560038990547,13171.613877424898,13076.137074886385,12997.576117533032,12616.031283924724,0,0,1,0,98968.17290030637,0,0.08279468491240737,0
140,2021-01-26,13490.19,0.0005117445371269902,13373.770025993701,13229.536808802188,13127.893690525589,13044.491725387028,12650.31201788846,0,0,1,0,98968.17290030637,0,0.08279468491240737,0
141,2021-01-27,13112.65,-0.027986262610089296,13286.730017329135,13208.28466174724,13125.988229209888,13050.982989635879,12668.442919147737,0,0,1,0,98968.17290030637,0,0.08279468491240737,0
142,2021-01-28,13201.53,0.0067781874754531115,13258.330011552758,13207.05654142956,13135.430950558652,13065.32080014675,12689.348294867432,0,0,1,0,98968.17290030637,0,0.08279468491240737,0
143,2021-01-29,12925.38,-0.020918029955618863,13147.346674368506,13155.842624806,13109.17458173882,13051.99310489468,12698.604440166753,0,0,1,0,98968.17290030637,0,0.08279468491240737,0
144,2021-02-01,13248.9,0.025029825041894327,13181.197782912337,13172.762147568545,13126.640259021468,13070.746142523758,12720.184658199423,0,0,1,0,98968.17290030637,0,0.08279468491240737,0
145,2021-02-02,13456.12,0.015640543743254298,13272.83852194156,13224.281757101535,13167.825226643785,13107.448414664354,12749.0448676818,0,0,1,0,98968.17290030637,0,0.08279468491240737,0
146,2021-02-03,13402.37,-0.003994464972072231,13316.015681294375,13256.66143762853,13197.14332331331,13135.536184696315,12774.665461106046,0,0,1,0,98968.17290030637,0,0.08279468491240737,0
147,2021-02-04,13560.89,0.01182775882176057,13397.640454196253,13311.97572169607,13242.611657899146,13176.046071868095,12805.497795964631,0,0,1,0,98968.17290030637,0,0.08279468491240737,0
148,2021-02-05,13603.96,0.003176045230069757,13466.413636130836,13365.063772296784,13287.780200661753,13216.799779309229,12836.810039260137,0,0,1,0,98968.17290030637,0,0.08279468491240737,0
149,2021-02-08,13695.02,0.0066936392050551685,13542.615757420557,13425.055813697369,13338.685175579034,13262.344562232158,12870.465331838172,0,0,1,0,98968.17290030637,0,0.08279468491240737,0
150,2021-02-09,13687.08,-0.0005797727933219976,13590.77050494704,13472.696574843301,13382.234528631652,13302.795556305287,12902.489436471968,0,0,1,0,98968.17290030637,0,0.08279468491240737,0
151,2021-02-10,13655.27,-0.0023240895793696925,13612.27033663136,13505.891743053608,13416.363962552698,13336.36455094288,12932.010242884831,0,0,1,0,98968.17290030637,0,0.08279468491240737,0
152,2021-02-11,13734.35,0.0057911707348152755,13652.963557754241,13547.429607952952,13456.112217233609,13374.267927043556,12963.474547085427,0,0,1,0,98968.17290030637,0,0.08279468491240737,0
153,2021-02-12,13807.7,0.005340624055743426,13704.542371836165,13594.751497416053,13500.06069007941,13415.547172087026,12996.581427591882,0,0,1,0,98968.17290030637,0,0.08279468491240737,0
154,2021-02-16,13773.77,-0.002457324536309425,13727.618247890776,13627.300316067678,13534.274353819485,13449.663631888265,13027.059410823571,0,0,1,0,98968.17290030637,0,0.08279468491240737,0
155,2021-02-17,13699.71,-0.005376886647591839,13718.31549859385,13640.465713146279,13554.953809592049,13473.477571708429,13053.437865301079,0,0,1,0,98968.17290030637,0,0.08279468491240737,0
156,2021-02-18,13637.51,-0.004540242092715753,13691.3803323959,13639.928310756048,13565.27333339304,13489.099707736197,13076.342654897117,0,0,1,0,98968.17290030637,0,0.08279468491240737,0
157,2021-02-19,13580.78,-0.004159850295251788,13654.513554930601,13629.174072436765,13567.211666718911,13497.831164142273,13096.124511567818,0,0,1,0,98968.17290030637,0,0.08279468491240737,0
158,2021-02-22,13223.74,-0.026290095266987668,13510.922369953736,13555.458786539173,13524.277708379048,13471.727243747771,13101.129040525942,0,0,1,0,98968.17290030637,0,0.08279468491240737,0
159,2021-02-23,13194.71,-0.0021952942208482984,13405.518246635826,13489.868098077504,13483.081744831667,13445.344649105124,13104.798882073943,0,0,1,0,98968.17290030637,0,0.08279468491240737,0
160,2021-02-24,13302.19,0.008145688688876218,13371.075497757216,13455.744807517956,13460.470276727707,13431.710872999873,13112.53971022791,0,0,1,0,98968.17290030637,0,0.08279468491240737,0
161,2021-02-25,12828.31,-0.03562420924674814,13190.15366517148,13341.6657516056,13381.450242136743,13374.24412319036,13101.393447081717,0,1,0,0,100030.28878471506,1062,0.0,0
162,2021-02-26,12909.44,0.006324293691063021,13096.582443447649,13263.079251313671,13322.448961869652,13329.977063838898,13093.865860921647,0,0,0,0,100030.28878471506,0,0.0,0
163,2021-03-01,13282.95,0.028933090823459517,13158.704962298436,13266.692114711186,13317.511591635945,13325.49829585424,13101.280925199231,0,0,0,0,100030.28878471506,0,0.0,0
164,2021-03-02,13059.95,-0.0167884393150618,13125.786641532293,13229.10263930915,13285.31639268145,13300.207981963362,13099.660104603183,0,0,0,0,100030.28878471506,0,0.0,0
165,2021-03-03,12683.33,-0.02883778268676385,12978.301094354863,13129.871250343853,13210.06809359627,13241.45769796685,13083.333433834428,0,0,0,0,100030.28878471506,0,0.0,0
166,2021-03-04,12464.0,-0.01729277721229361,12806.867396236577,13008.803750281333,13116.809581896736,13167.414107684292,13059.045848193864,0,0,0,0,100030.28878471506,0,0.0,0
167,2021-03-05,12668.51,0.016408055198973148,12760.748264157715,12946.932159321088,13060.772134159644,13119.89943076198,13043.730716892143,0,0,0,0,100030.28878471506,0,0.0,0
168,2021-03-08,12299.08,-0.029161282581771638,12606.858842771811,12829.140857626346,12965.560617389687,13041.72615164179,13014.528727994411,0,0,0,0,100030.28878471506,0,0.0,0
169,2021-03-09,12794.49,0.040280248603960615,12669.402561847875,12822.84070169428,12944.176790215977,13018.179851485427,13005.899758269143,0,0,0,0,100030.28878471506,0,0.0,0
170,2021-03-10,12752.07,-0.0033154897147131823,12696.958374565249,12809.973301386228,12920.16344143898,12992.836056105863,12995.945650101728,0,0,0,0,100030.28878471506,0,0.0,0
171,2021-03-11,13052.9,0.02359067978767371,12815.605583043503,12854.141792043276,12936.755511259109,12998.55643171483,12998.179154019306,0,0,0,0,100030.28878471506,0,0.0,0
172,2021-03-12,12937.29,-0.008857035601283925,12856.167055362337,12869.259648035408,12936.822322351722,12992.721533456272,12995.791344057763,0,0,0,0,100030.28878471506,0,0.0,0
173,2021-03-15,13082.54,0.0112272353792795,12931.624703574893,12908.037893847151,12955.037032057757,13001.275673127104,12999.193252133933,0,0,0,0,100030.28878471506,0,0.0,0
174,2021-03-16,13152.28,0.005330769101413058,13005.17646904993,12952.445549511303,12979.692403050538,13015.65703759119,13005.196654011033,0,0,0,0,100030.28878471506,0,0.0,0
175,2021-03-17,13202.38,0.003809225472693578,13070.910979366621,12997.888176872886,13007.528352669222,13033.44017686822,13012.929334245897,0,0,0,0,100030.28878471506,0,0.0,0
176,2021-03-18,12789.14,-0.03130041704601748,12976.987319577749,12959.933962895997,12980.229808585571,13010.17349335696,13004.153281922527,0,0,0,0,100030.28878471506,0,0.0,0
177,2021-03-19,12866.99,0.0060871958552335395,12940.321546385163,12943.035060551267,12966.074832512373,12996.536970180108,12998.774329690272,0,0,0,0,100030.28878471506,0,0.0,0
178,2021-03-22,13086.51,0.01706071116865715,12989.051030923445,12969.121413178309,12981.129228448326,13005.105830162956,13002.214944212219,0,0,0,0,100030.28878471506,0,0.0,0
179,2021-03-23,13017.79,-0.005251209069492169,12998.630687282295,12977.970247145891,12985.711824892285,13006.313846337913,13002.825730713703,0,0,0,0,100030.28878471506,0,0.0,0
180,2021-03-24,12798.88,-0.01681621842109926,12932.047124854866,12945.408384028453,12962.35784678075,12986.558241924778,12994.827858921008,0,0,0,0,100030.28878471506,0,0.0,0
181,2021-03-25,12780.51,-0.0014352818371606846,12881.534749903245,12915.426859659641,12939.626865933154,12966.934599836704,12986.423237002538,0,0,0,0,100030.28878471506,0,0.0,0
182,2021-03-26,12979.12,0.015540068432323915,12914.063166602164,12927.007430630612,12944.56350769151,12968.095114137972,12986.13683555146,0,0,0,0,100030.28878471506,0,0.0,0
183,2021-03-29,12965.74,-0.0010308865315985516,12931.288777734775,12934.049715970501,12947.21056923007,12967.870817553401,12985.336959647482,0,0,0,0,100030.28878471506,0,0.0,0
184,2021-03-30,12896.53,-0.005337913609250178,12919.70251848985,12927.22794943041,12940.875498076311,12961.076453976888,12981.854333778954,0,0,0,0,100030.28878471506,0,0.0,0
185,2021-03-31,13091.44,0.015113367704336024,12976.948345659905,12957.084685897607,12959.696060816776,12973.492029788611,12986.151810885664,0,0,0,0,100030.28878471506,0,0.0,0
186,2021-04-01,13329.51,0.018185165268297387,13094.468897106604,13024.798379370772,13005.922803214675,13007.398503142078,12999.61683790975,1,0,1,0,99030.28878471506,-1000,0.07502151241868606,0
187,2021-04-05,13598.16,0.02015452931127993,13262.365931404402,13129.0459467579,13079.952452812842,13063.661502842831,13023.08911877604,0,0,1,0,99030.28878471506,0,0.07502151241868606,0
188,2021-04-06,13578.46,-0.001448725415791552,13367.730620936267,13210.757592801921,13142.265896211235,13112.689931143515,13044.868369020118,0,0,1,0,99030.28878471506,0,0.07502151241868606,0
189,2021-04-07,13616.7,0.0028162251094749893,13450.720413957511,13284.565303201567,13201.570159184832,13160.690890082229,13067.293138862464,0,0,1,0,99030.28878471506,0,0.07502151241868606,0
190,2021-04-08,13758.5,0.010413683197837864,13553.313609305007,13370.735248074008,13271.186389286728,13217.625091026779,13094.399290279622,0,0,1,0,99030.28878471506,0,0.07502151241868606,0
191,2021-04-09,13845.05,0.006290656684958318,13650.559072870004,13456.974293878735,13342.919340625891,13277.379844262325,13123.836573013756,0,0,1,0,99030.28878471506,0,0.07502151241868606,0
192,2021-04-12,13819.35,-0.0018562590962112324,13706.822715246672,13522.860785900784,13402.473173047649,13328.996049570671,13151.11160936616,0,0,1,0,99030.28878471506,0,0.07502151241868606,0
193,2021-04-13,13986.49,0.012094635420623943,13800.04514349778,13607.157006646094,13475.475276416697,13391.614521040134,13183.871546253762,0,0,1,0,99030.28878471506,0,0.07502151241868606,0
194,2021-04-14,13803.91,-0.013054025706235041,13801.333428998521,13642.930278164986,13516.529616864611,13430.88075713155,13208.186779734006,0,0,1,0,99030.28878471506,0,0.07502151241868606,0
195,2021-04-15,14026.19,0.016102683949692498,13876.285619332351,13712.613863953171,13580.237164756532,13487.576875499974,13240.265337391496,0,0,1,0,99030.28878471506,0,0.07502151241868606,0
196,2021-04-16,14041.91,0.0011207605201410953,13931.493746221568,13772.485888688954,13637.946269161968,13540.370506404737,13271.702382983987,0,0,1,0,99030.28878471506,0,0.07502151241868606,0
197,2021-04-19,13907.67,-0.00955995302633328,13923.552497481045,13797.064818018234,13671.661735516722,13575.351410556668,13296.642289533635,0,0,1,0,99030.28878471506,0,0.07502151241868606,0
198,2021-04-20,13809.3,-0.007073075504379967,13885.468331654034,13799.289396560374,13688.866518577132,13597.632228598892,13316.746513473492,0,0,1,0,99030.28878471506,0,0.07502151241868606,0
199,2021-04-21,13935.15,0.009113423562381984,13902.028887769355,13823.991324458486,13719.65195375499,13629.77677825614,13340.997630592181,0,0,1,0,99030.28878471506,0,0.07502151241868606,0
200,2021-04-22,13762.36,-0.012399579480665723,13855.472591846235,13812.785629102395,13724.990459535615,13642.403751755552,13357.52164507876,0,0,1,0,99030.28878471506,0,0.07502151241868606,0
201,2021-04-23,13941.44,0.013012303122429623,13884.12839456416,13836.17733290196,13752.046652093664,13670.8833944455,13380.42040409528,0,0,1,0,99030.28878471506,0,0.07502151241868606,0
202,2021-04-26,14026.16,0.0060768471549566,13931.472263042775,13870.719636010694,13786.310820581955,13704.719261641167,13405.743525503309,0,0,1,0,99030.28878471506,0,0.07502151241868606,0
203,2021-04-27,13960.28,-0.004696937722085015,13941.074842028518,13887.003338554205,13808.056968009212,13729.058379580105,13427.490053914944,0,0,1,0,99030.28878471506,0,0.07502151241868606,0
204,2021-04-28,13901.62,-0.004201921451432167,13927.923228019014,13889.660913362526,13819.75234700806,13745.492819620093,13446.083385133967,0,0,1,0,99030.28878471506,0,0.07502151241868606,0
205,2021-04-29,13970.21,0.00493395733734614,13942.01881867934,13904.306201842068,13838.55955363205,13766.894455846754,13466.637370030674,0,0,1,0,99030.28878471506,0,0.07502151241868606,0
206,2021-04-30,13860.76,-0.007834527899007848,13914.932545786229,13896.388710598054,13841.334609428044,13775.834031480394,13482.093159441236,0,0,1,0,99030.28878471506,0,0.07502151241868606,0
207,2021-05-03,13799.72,-0.004403798925888713,13876.528363857486,13878.812581398408,13836.13278324954,13778.108885625117,13494.549113972951,0,0,1,0,99030.28878471506,0,0.07502151241868606,0
208,2021-05-04,13544.67,-0.018482259060328743,13765.908909238326,13818.059384780516,13799.699935343348,13755.87661080368,13496.51463891519,0,0,1,0,99030.28878471506,0,0.07502151241868606,0
209,2021-05-05,13503.37,-0.003049169894873693,13678.395939492217,13760.843133002241,13762.658693425425,13731.828362155713,13496.78347660479,0,0,1,0,99030.28878471506,0,0.07502151241868606,0
210,2021-05-06,13613.73,0.008172774648106174,13656.840626328145,13734.095290638194,13744.042606747249,13720.58089909326,13501.369614777152,0,0,1,0,99030.28878471506,0,0.07502151241868606,0
211,2021-05-07,13719.63,0.00777891143720355,13677.770417552098,13731.465237794882,13740.991030903842,13720.490337274854,13509.928845570204,0,0,1,0,99030.28878471506,0,0.07502151241868606,0
212,2021-05-10,13359.08,-0.02627986323246323,13571.540278368066,13663.758830923083,13693.252152040865,13686.070305153438,13504.01320456745,0,1,0,0,100032.50717083727,1002,0.0,0
213,2021-05-11,13351.27,-0.0005846210966623523,13498.116852245375,13606.942679846159,13650.504383035757,13654.184561805494,13498.023274976573,0,0,0,0,100032.50717083727,0,0.0,0
214,2021-05-12,13001.63,-0.026187770901195284,13332.621234830249,13496.885828965042,13569.395085156286,13592.036508300207,13478.556872036315,0,0,0,0,100032.50717083727,0,0.0,0
215,2021-05-13,13109.15,0.008269732333561208,13258.130823220166,13426.388405516853,13511.86444951175,13546.04731703352,13464.070328034893,0,0,0,0,100032.50717083727,0,0.0,0
216,2021-05-14,13393.12,0.02166196893009853,13303.127215480112,13420.339604513783,13497.02139332278,13531.482810649375,13461.287962229602,0,0,0,0,100032.50717083727,0,0.0,0
217,2021-05-17,13312.91,-0.005988895791272042,13306.388143653408,13400.806949147642,13474.007469157434,13510.666352492293,13455.469218612756,0,0,0,0,100032.50717083727,0,0.0,0
218,2021-05-18,13217.68,-0.0071532069247068905,13276.818762435609,13367.511140211709,13441.966535512754,13482.762890350172,13446.144151216176,0,0,0,0,100032.50717083727,0,0.0,0
219,2021-05-19,13237.91,0.0015305257806210724,13263.849174957075,13343.947296536853,13416.45946857366,13459.44356745968,13437.978106070444,0,0,0,0,100032.50717083727,0,0.0,0
220,2021-05-20,13494.09,0.01935199740744586,13340.596116638051,13371.24596989379,13426.163285001952,13462.743227701614,13440.178572499055,0,0,0,0,100032.50717083727,0,0.0,0
221,2021-05-21,13411.74,-0.006102671614017674,13364.310744425371,13378.608520822187,13424.360374376709,13457.885777444319,13439.063334361836,0,0,0,0,100032.50717083727,0,0.0,0
222,2021-05-24,13641.75,0.017149900012973784,13456.790496283578,13426.452426127244,13451.53407757962,13475.396655782957,13447.01183105353,0,0,0,0,100032.50717083727,0,0.0,0
223,2021-05-25,13657.73,0.0011714039621015804,13523.770330855721,13468.50289410411,13477.308567882168,13492.76173618458,13455.275288659275,0,0,0,0,100032.50717083727,0,0.0,0
224,2021-05-26,13702.74,0.003295569615155758,13583.426887237149,13511.09145881245,13505.487496896896,13512.75966607176,13464.979787143226,0,0,0,0,100032.50717083727,0,0.0,0
225,2021-05-27,13657.85,-0.0032759871383387647,13608.234591491433,13537.774829937458,13524.532809784787,13526.577793112543,13472.543324902317,1,0,1,0,99032.50717083727,-1000,0.07321796622455218,0
226,2021-05-28,13686.51,0.0020984269119956878,13634.326394327625,13564.817588130647,13544.779958561687,13541.80943186373,13480.934174906146,0,0,1,0,99032.50717083727,0,0.07321796622455218,0
227,2021-06-01,13654.59,-0.002332223481369633,13641.08092955175,13581.139844834164,13558.506213741477,13552.5504383529,13487.744207262771,0,0,1,0,99032.50717083727,0,0.07321796622455218,0
228,2021-06-02,13675.79,0.0015525914729039858,13652.650619701168,13598.348963955226,13573.166687023791,13564.287539462146,13495.118552075992,0,0,1,0,99032.50717083727,0,0.07321796622455218,0
229,2021-06-03,13529.68,-0.01068384349277085,13611.660413134114,13585.863697781548,13567.730851145818,13560.991583322893,13496.473902974973,0,0,1,0,99032.50717083727,0,0.07321796622455218,0
230,2021-06-04,13770.77,0.017819342364342683,13664.69694208941,13619.483025457626,13593.110744752592,13580.970480149284,13507.23061266223,0,0,1,0,99032.50717083727,0,0.07321796622455218,0
231,2021-06-07,13802.89,0.002332476687941121,13710.761294726271,13652.829748101694,13619.33315165852,13602.10567251602,13518.82509844018,0,0,1,0,99032.50717083727,0,0.07321796622455218,0
232,2021-06-08,13810.86,0.0005774153094026957,13744.127529817517,13681.562521174112,13643.274007701204,13621.987037038303,13530.277447520957,0,0,1,0,99032.50717083727,0,0.07321796622455218,0
233,2021-06-09,13814.94,0.0002954196914601859,13767.731686545012,13705.81297186973,13664.732256738554,13640.363509701321,13541.440684873076,0,0,1,0,99032.50717083727,0,0.07321796622455218,0
234,2021-06-10,13960.35,0.010525561457378707,13831.93779103001,13752.092431529776,13701.684474646236,13670.83841353929,13557.868501152563,0,0,1,0,99032.50717083727,0,0.07321796622455218,0
235,2021-06-11,13998.3,0.002718413220298865,13887.391860686675,13796.857443978906,13738.761415315457,13702.025231297452,13575.140324636775,0,0,1,0,99032.50717083727,0,0.07321796622455218,0
236,2021-06-14,14128.2,0.009279698249073265,13967.661240457783,13857.101545073647,13787.441238401023,13742.613304507217,13596.828939356905,0,0,1,0,99032.50717083727,0,0.07321796622455218,0
237,2021-06-15,14030.41,-0.0069216177573930854,13988.577493638522,13888.612173242076,13817.812333600898,13770.022513601767,13613.832118205652,0,0,1,0,99032.50717083727,0,0.07321796622455218,0
238,2021-06-16,13983.01,-0.0033783759704811844,13986.721662425683,13905.77541447079,13838.462041900784,13790.307036115886,13628.309682197589,0,0,1,0,99032.50717083727,0,0.07321796622455218,0
239,2021-06-17,14163.81,0.012929977165145434,14045.751108283788,13952.69079365792,13879.130536663186,13825.878746961993,13649.30969466043,0,0,1,0,99032.50717083727,0,0.07321796622455218,0
240,2021-06-18,14049.58,-0.008064920385122298,14047.027405522524,13970.307012992842,13900.436719580288,13847.18362820371,13665.00656937963,0,0,1,0,99032.50717083727,0,0.07321796622455218,0
241,2021-06-21,14137.23,0.006238620656275895,14077.094937015017,14000.656646994143,13930.035879632751,13874.807092184306,13683.525135286309,0,0,1,0,99032.50717083727,0,0.07321796622455218,0
242,2021-06-22,14270.42,0.00942122325236272,14141.536624676679,14049.704529358845,13972.583894678655,13912.484511976278,13706.54062017704,0,0,1,0,99032.50717083727,0,0.07321796622455218,0
243,2021-06-23,14274.24,0.00026768658525822003,14185.771083117786,14090.529160384507,14010.290907843826,13946.937415597584,13728.803340954411,0,0,1,0,99032.50717083727,0,0.07321796622455218,0
244,2021-06-24,14365.96,0.006425561010603653,14245.83405541186,14140.607494860049,14054.749544363347,13986.844328397816,13753.78987660326,0,0,1,0,99032.50717083727,0,0.07321796622455218,0
245,2021-06-25,14345.18,-0.0014464748614083645,14278.949370274575,14177.802495794587,14091.053351317927,14020.97153521707,13776.981646148233,0,0,1,0,99032.50717083727,0,0.07321796622455218,0
246,2021-06-28,14524.98,0.012533826693007729,14360.959580183051,14240.92567837739,14145.294182403188,14068.972341386872,13806.314914926728,0,0,1,0,99032.50717083727,0,0.07321796622455218,0
247,2021-06-29,14572.75,0.003288816920918425,14431.556386788703,14301.257373217864,14198.726159602793,14116.951166016694,13836.371192772742,0,0,1,0,99032.50717083727,0,0.07321796622455218,0
248,2021-06-30,14554.8,-0.0012317510421849807,14472.637591192468,14347.356032632795,14243.235389652442,14158.651054967482,13864.544871487537,0,0,1,0,99032.50717083727,0,0.07321796622455218,0
249,2021-07-01,14560.05,0.0003607057465577768,14501.775060794984,14386.027663063196,14282.837215945889,14196.87952592296,13891.819582409596,0,0,1,0,99032.50717083727,0,0.07321796622455218,0
250,2021-07-02,14727.63,0.011509575859973031,14577.060040529988,14448.137178869883,14338.436313952652,14247.427190120774,13924.596461530786,0,0,1,0,99032.50717083727,0,0.07321796622455218,0
251,2021-07-06,14786.36,0.00398774276648739,14646.82669368666,14509.632237257178,14394.426774708567,14298.754124394984,13958.391110098206,0,0,1,0,99032.50717083727,0,0.07321796622455218,0
252,2021-07-07,14814.11,0.0018767296346091644,14702.587795791109,14564.991830483144,14446.88717787,14347.835636357368,13991.948713623768,0,0,1,0,99032.50717083727,0,0.07321796622455218,0
