date,close,ROI,BBL_12_1.0,BBU_12_1.0,BBM_12_1.0,BBL_20_1.0,BBU_20_1.0,BBM_20_1.0,BBL_12_2.0,BBU_12_2.0,BBM_12_2.0,BBL_20_2.0,BBU_20_2.0,BBM_20_2.0
2020-07-07,10524.01,,,,,,,,,,,,,
2020-07-08,10666.7,0.01355851999380464,,,,,,,,,,,,
2020-07-09,10754.59,0.008239661751056948,,,,,,,,,,,,
2020-07-10,10836.33,0.007600475703862131,,,,,,,,,,,,
2020-07-13,10602.21,-0.02160510061985943,,,,,,,,,,,,
2020-07-14,10689.52,0.008235075517274426,,,,,,,,,,,,
2020-07-15,10701.68,0.00113756277176158,,,,,,,,,,,,
2020-07-16,10626.46,-0.007028802954302638,,,,,,,,,,,,
2020-07-17,10645.22,0.001765404471479659,,,,,,,,,,,,
2020-07-20,10952.08,0.028826083444024597,,,,,,,,,,,,
2020-07-21,10833.07,-0.010866429025354063,,,,,,,,,,,,
2020-07-22,10870.75,0.0034782383941025508,10599.264602374602,10851.172064292063,10725.218333333332,,,,10473.31087141587,10977.125795250795,10725.218333333332,,,
2020-07-23,10580.59,-0.02669181059264536,10611.35326737609,10848.513399290576,10729.933333333332,,,,10492.773201418844,10967.09346524782,10729.933333333332,,,
2020-07-24,10483.13,-0.009211206558424556,10576.868301437398,10852.403365229266,10714.635833333332,,,,10439.100769541465,10990.1708971252,10714.635833333332,,,
2020-07-27,10674.38,0.018243597093616115,10570.353146270727,10845.550187062605,10707.951666666666,,,,10432.754625874788,10983.148707458544,10707.951666666666,,,
2020-07-28,10532.5,-0.013291638483921231,10542.867616445508,10822.397383554488,10682.632499999998,,,,10403.102732891019,10962.162267108977,10682.632499999998,,,
2020-07-29,10662.98,0.01238832186090666,10550.025403980158,10825.367929353171,10687.696666666665,,,,10412.354141293652,10963.039192039678,10687.696666666665,,,
2020-07-30,10715.51,0.004926390183607188,10551.955710258457,10827.769289741542,10689.8625,,,,10414.048920516912,10965.676079483086,10689.8625,,,
2020-07-31,10905.88,0.017765836623734987,10555.446549520933,10858.311783812398,10706.879166666666,,,,10404.013932375201,11009.74440095813,10706.879166666666,,,
2020-08-03,11055.08,0.013680693350742956,10563.783935631205,10921.41106436879,10742.597499999998,10563.917939951634,10867.349060048366,10715.6335,10384.97037126241,11100.224628737586,10742.597499999998,10412.202379903267,11019.064620096733,10715.6335
2020-08-04,11096.54,0.003750312073725448,10577.827126934148,10982.58787306585,10780.207499999999,10577.350746685197,10911.169253314803,10744.26,10375.446753868298,11184.968246131699,10780.207499999999,10410.441493370392,11078.078506629608,10744.26
2020-08-05,11125.44,0.002604415430395468,10573.566603163861,11015.74173016947,10794.654166666665,10581.090664037833,10953.303335962168,10767.197,10352.479039661059,11236.829293672272,10794.654166666665,10394.984328075665,11139.409671924335,10767.197
2020-08-06,11267.08,0.012731181867863262,10570.805906101225,11090.837427232105,10830.821666666665,10575.824340831716,11009.818659168284,10792.8215,10310.790145535784,11350.853187797546,10830.821666666665,10358.827181663433,11226.815818336567,10792.8215
2020-08-07,11139.39,-0.011333016185205103,10578.303995663488,11128.11267100318,10853.208333333334,10577.609567305099,11038.339432694902,10807.9745,10303.399657993641,11403.017008673027,10853.208333333334,10347.244634610197,11268.704365389804,10807.9745
2020-08-10,11085.17,-0.004867411949846412,10627.341304409605,11163.172028923731,10895.256666666668,10599.163520125974,11065.081479874028,10832.122500000001,10359.425942152542,11431.087391180794,10895.256666666668,10366.204540251947,11298.040459748056,10832.122500000001
2020-08-11,10876.08,-0.01886213743226317,10693.052421235672,11162.952578764329,10928.0025,10610.778210594151,11072.122789405854,10841.450500000003,10458.102342471346,11397.902657528655,10928.0025,10380.105921188298,11302.795078811707,10841.450500000003
2020-08-12,11157.72,0.025895359357415382,10739.411167705279,11197.150498961386,10968.280833333332,10625.717897326997,11102.787102673008,10864.252500000002,10510.541502077227,11426.020164589438,10968.280833333332,10387.18329465399,11341.321705346014,10864.252500000002
2020-08-13,11178.37,0.0018507365304023526,10832.44700600158,11211.759660665086,11022.103333333333,10650.364571875114,11133.33142812489,10891.848000000002,10642.790678669826,11401.41598799684,11022.103333333333,10408.881143750228,11374.814856249775,10891.848000000002
2020-08-14,11164.45,-0.0012452620552012572,10908.386949375596,11219.398050624404,11063.8925,10676.325364583963,11159.293635416043,10917.809500000003,10752.881398751191,11374.903601248809,11063.8925,10434.841229167925,11400.777770832081,10917.809500000003
2020-08-17,11288.57,0.011117430773571302,10988.158497388804,11235.136502611194,11111.6475,10679.311214544745,11189.956785455262,10934.634000000004,10864.669494777609,11358.62550522239,11111.6475,10423.988429089486,11445.279570910521,10934.634000000004
2020-08-18,11399.03,0.009785118930032866,11022.106119344413,11283.380547322251,11152.743333333332,10688.788584467184,11237.075415532825,10962.932000000004,10891.468905355494,11414.01776131117,11152.743333333332,10414.645168934363,11511.218831065646,10962.932000000004
2020-08-19,11318.64,-0.007052354454721299,11039.89305133503,11309.520281998304,11174.706666666667,10701.004775183037,11269.648224816972,10985.326500000005,10905.079436003394,11444.33389732994,11174.706666666667,10416.68305036607,11553.96994963394,10985.326500000005
2020-08-20,11477.05,0.013995497692302239,11048.83248508646,11363.999181580206,11206.415833333333,10742.350560653085,11317.948439346921,11030.149500000003,10891.249136839586,11521.58252982708,11206.415833333333,10454.551621306166,11605.74737869384,11030.149500000003
2020-08-21,11555.16,0.006805755834469629,11058.122413017554,11426.32925364911,11242.225833333332,10803.461709972342,11364.040290027666,11083.751000000004,10874.018992701778,11610.432673964886,11242.225833333332,10523.172419944678,11644.32958005533,11083.751000000004
2020-08-24,11626.17,0.006145306512415294,11057.063402725158,11487.236597274845,11272.150000000001,10843.51579259205,11419.165207407957,11131.340500000004,10841.976805450315,11702.323194549688,11272.150000000001,10555.691085184097,11706.989914815911,11131.340500000004
2020-08-25,11721.81,0.008226268840039186,11074.77558746619,11566.594412533816,11320.685000000003,10910.454758473836,11471.157241526173,11190.806000000004,10828.866174932376,11812.50382506763,11320.685000000003,10630.103516947667,11751.508483052341,11190.806000000004
2020-08-26,11971.94,0.02133885466493668,11097.88530133918,11691.279698660825,11394.582500000002,10953.699891791763,11558.808108208246,11256.254000000004,10801.18810267836,11987.976897321645,11394.582500000002,10651.145783583519,11861.36221641649,11256.254000000004
2020-08-27,11926.16,-0.003823941650225482,11197.617998597081,11766.56033473626,11482.08916666667,11007.089952115923,11626.483047884085,11316.786500000004,10913.146830527492,12051.031502805849,11482.08916666667,10697.393404231843,11936.179595768164,11316.786500000004
2020-08-28,11995.85,0.005843456737122388,11251.87899791047,11851.987668756203,11551.933333333336,11042.39464561839,11700.175354381618,11371.285000000003,10951.824662487603,12152.04200417907,11551.933333333336,10713.504291236775,12029.065708763232,11371.285000000003
2020-08-31,12110.7,0.009574144391602202,11314.754846430491,11944.500153569517,11629.627500000004,11065.249179714221,11782.882820285788,11424.066000000004,10999.882192860978,12259.37280713903,11629.627500000004,10706.432359428436,12141.699640571573,11424.066000000004
2020-09-01,12292.86,0.015041244519309327,11392.277405208131,12055.045928125213,11723.661666666672,11085.054022538146,11882.709977461864,11483.882000000005,11060.893143749592,12386.430189583753,11723.661666666672,10686.22604507629,12281.53795492372,11483.882000000005
2020-09-02,12420.54,0.01038651705136151,11461.55484820035,12174.430151799661,11817.992500000006,11108.111315366175,11989.162684633837,11548.637000000006,11105.117196400695,12530.867803599316,11817.992500000006,10667.585630732343,12429.68836926767,11548.637000000006
2020-09-03,11771.37,-0.05226584351405017,11516.9999156884,12181.041750978275,11849.020833333338,11135.864782918612,12011.8382170814,11573.851500000006,11184.978998043465,12513.06266862321,11849.020833333338,10697.878065837218,12449.824934162794,11573.851500000006
2020-09-04,11622.13,-0.012678218423174292,11576.57522217459,12172.04811115875,11874.31166666667,11172.069243650625,12023.907756349388,11597.988500000007,11278.83877768251,12469.784555650831,11874.31166666667,10746.149987301242,12449.827012698772,11597.988500000007
2020-09-08,11068.26,-0.04765649670069072,11476.790999364106,12203.700667302573,11840.24583333334,11170.136762031274,12024.14923796874,11597.143000000007,11113.336165394872,12567.155501271807,11840.24583333334,10743.13052406254,12451.155475937474,11597.143000000007
2020-09-09,11395.85,0.02959724473404135,11449.515327104165,12204.424672895848,11826.970000000007,11227.66833402244,12018.594665977573,11623.131500000007,11072.060654208324,12581.879345791689,11826.970000000007,10832.205168044875,12414.057831955139,11623.131500000007
2020-09-10,11154.12,-0.021212107916478318,11365.405767864837,12209.859232135173,11787.632500000005,11227.264590805176,12018.638409194837,11622.951500000006,10943.17903572967,12632.08596427034,11787.632500000005,10831.577681610346,12414.325318389667,11622.951500000006
2020-09-11,11087.4,-0.005981646243719885,11266.35542509399,12203.17457490602,11734.765000000005,11216.857079835137,12019.948920164878,11618.403000000008,10797.945850187974,12671.584149812035,11734.765000000005,10815.311159670266,12421.49484032975,11618.403000000008
2020-09-14,11277.76,0.017169038728646946,11197.719680992946,12156.113652340397,11676.916666666672,11228.509883447148,12019.627116552865,11624.068500000007,10718.52269531922,12635.310638014123,11676.916666666672,10832.951266894292,12415.185733105722,11624.068500000007
2020-09-15,11438.87,0.014285638282779622,11159.512696891414,12113.10563644193,11636.309166666671,11241.342312779982,12021.82468722003,11631.583500000006,10682.716227116156,12589.902106217187,11636.309166666671,10851.101125559955,12412.065874440057,11631.583500000006
2020-09-16,11247.6,-0.01672105723729711,11099.531684067917,12048.37831593209,11573.955000000004,11227.601052575626,12020.422947424386,11624.012000000006,10625.10836813583,12522.801631864177,11573.955000000004,10831.190105151245,12416.833894848767,11624.012000000006
2020-09-17,11080.95,-0.014816494185426188,11026.677872888677,11949.60712711133,11488.142500000004,11202.729315486575,12021.52568451344,11612.127500000008,10565.21324577735,12411.071754222658,11488.142500000004,10793.331130973142,12430.923869026874,11612.127500000008
2020-09-18,10936.98,-0.01299256832672302,10965.556847032909,11784.748152967102,11375.152500000006,11149.38355144207,12020.864448557948,11585.124000000009,10555.961194065814,12194.343805934197,11375.152500000006,10713.64310288413,12456.604897115887,11585.124000000009
2020-09-21,10980.22,0.003953559392080752,10996.508103136885,11513.743563529793,11255.125833333339,11100.075608407267,12012.678391592752,11556.37700000001,10737.89037294043,11772.361293726248,11255.125833333339,10643.774216814523,12468.979783185496,11556.37700000001
2020-09-22,11186.37,0.018774669359994833,11005.148912783963,11407.602753882715,11206.375833333339,11071.082442067483,11997.691557932532,11534.387000000008,10803.92199223459,11608.829674432089,11206.375833333339,10607.777884134957,12460.996115865059,11534.387000000008
2020-09-23,10833.33,-0.0315598357644169,10959.76679621298,11321.518203787027,11140.642500000004,11003.555392317336,11976.370607682678,11489.963000000007,10778.891092425954,11502.393907574053,11140.642500000004,10517.147784634666,12462.778215365348,11489.963000000007
2020-09-24,10896.47,0.005828309485633731,10932.842373466554,11319.810959866785,11126.32666666667,10946.433643427465,11925.94535657255,11436.189500000008,10739.358080266438,11513.2952530669,11126.32666666667,10456.677786854922,12415.701213145094,11436.189500000008
2020-09-25,11151.13,0.02337087148406769,10931.478439327977,11280.388227338695,11105.933333333336,10917.936645272763,11876.939354727252,11397.438000000007,10757.023545322618,11454.843121344054,11105.933333333336,10438.435290545518,12356.440709454497,11397.438000000007
2020-09-28,11364.45,0.019129899839747333,10933.8195539059,11313.102112760776,11123.460833333338,10907.52042888922,11824.215571110795,11365.868000000008,10744.178274478461,11502.743392188215,11123.460833333338,10449.172857778434,12282.563142221581,11365.868000000008
2020-09-29,11322.95,-0.00365173853552081,10945.496786737835,11340.683213262177,11143.090000000006,10902.985818103678,11749.97518189634,11326.480500000009,10747.903573475665,11538.276426524346,11143.090000000006,10479.491136207349,12173.469863792669,11326.480500000009
2020-09-30,11418.06,0.008399754480943544,10944.737080844208,11364.826252489134,11154.781666666671,10924.099726707069,11641.38127329295,11282.740500000009,10734.692495021745,11574.870838311597,11154.781666666671,10565.458953414129,12000.02204658589,11282.740500000009
2020-10-01,11583.2,0.014463052392438058,10935.92033735863,11397.697995974717,11166.809166666673,10989.093293402124,11492.653706597894,11240.873500000009,10705.031508050584,11628.586825282762,11166.809166666673,10737.313086804239,11744.433913195779,11240.873500000009
2020-10-02,11255.69,-0.02827457006699363,10936.325505261728,11398.64116140495,11167.483333333339,10996.244580708431,11433.934419291587,11215.08950000001,10705.167677190117,11629.798989476561,11167.483333333339,10777.399661416855,11652.779338583163,11215.08950000001
2020-10-05,11509.06,0.022510392521471356,10954.218360140734,11452.09997319261,11203.159166666672,11000.41996935315,11418.452030646868,11209.436000000009,10705.277553614795,11701.040779718549,11203.159166666672,10791.403938706291,11627.468061293726,11209.436000000009
2020-10-06,11291.27,-0.01892335255876665,10997.554968031118,11467.811698635554,11232.683333333336,11013.559195945816,11427.613804054201,11220.586500000009,10762.426602728898,11702.940063937775,11232.683333333336,10806.531891891622,11634.641108108395,11220.586500000009
2020-10-07,11503.19,0.01876848219907945,11043.731962935732,11508.796370397607,11276.26416666667,11012.841577606978,11439.065422393036,11225.953500000007,10811.199759204792,11741.328574128547,11276.26416666667,10799.729655213947,11652.177344786067,11225.953500000007
2020-10-08,11550.94,0.004151022455510134,11063.358151851948,11549.93184814806,11306.645000000004,11021.541352900691,11470.047647099324,11245.794500000007,10820.071303703891,11793.218696296117,11306.645000000004,10797.288205801375,11694.30079419864,11245.794500000007
2020-10-09,11725.85,0.015142490567867206,11160.197492354613,11601.845840978733,11381.021666666673,11032.716081524823,11522.717918475193,11277.717000000008,10939.373318042552,11822.670015290794,11381.021666666673,10787.715163049637,11767.718836950378,11277.717000000008
2020-10-12,12088.11,0.030894135606373885,11231.09961005968,11729.550389940328,11480.325000000004,11013.501052412312,11622.967947587707,11318.23450000001,10981.874220119355,11978.775779880654,11480.325000000004,10708.767604824614,11927.701395175405,11318.23450000001
2020-10-13,12083.17,-0.00040866603629519105,11277.426187487737,11838.563812512271,11557.995000000004,11001.450610068507,11699.448389931513,11350.44950000001,10996.857374975472,12119.132625024537,11557.995000000004,10652.451720137005,12048.447279863014,11350.44950000001
2020-10-14,11985.36,-0.008094730108075932,11311.414736320221,11908.060263679785,11609.737500000003,11011.801173999378,11762.873826000643,11387.33750000001,11013.091972640437,12206.383027359569,11609.737500000003,10636.264847998747,12138.410152001274,11387.33750000001
2020-10-15,11898.57,-0.007241334428002233,11363.438361388686,11951.973305277985,11657.705833333335,11043.402525084384,11813.034474915636,11428.21850000001,11069.170889444036,12246.240777222634,11657.705833333335,10658.586550168759,12197.850449831261,11428.21850000001
2020-10-16,11852.17,-0.0038996282746581734,11405.121197959686,11982.642135373653,11693.88166666667,11096.303374643878,11851.652625356142,11473.97800000001,11116.360729252701,12271.402604080638,11693.88166666667,10718.628749287745,12229.327250712275,11473.97800000001
2020-10-19,11634.35,-0.01837806916370588,11410.791951323066,11985.496382010275,11698.14416666667,11146.081770415296,11867.287229584725,11506.68450000001,11123.439735979462,12272.848597353879,11698.14416666667,10785.47904083058,12227.88995916944,11506.68450000001
2020-10-20,11677.84,0.0037380687361132647,11481.407052747421,11985.23961391925,11733.323333333336,11176.941168000889,11885.574831999133,11531.25800000001,11229.490772161509,12237.155894505162,11733.323333333336,10822.624336001765,12239.891663998256,11531.25800000001
2020-10-21,11665.37,-0.0010678344625375535,11503.194243830958,11989.50408950238,11746.349166666669,11258.17252440758,11887.547475592442,11572.860000000011,11260.039320995245,12232.659012338092,11746.349166666669,10943.485048815151,12202.234951184872,11572.860000000011
2020-10-22,11662.91,-0.0002108805807274905,11577.60964185816,11977.02869147518,11777.31916666667,11339.46523615633,11882.898763843694,11611.182000000012,11377.90011704965,12176.73821628369,11777.31916666667,11067.748472312647,12154.615527687376,11611.182000000012
2020-10-23,11692.57,0.0025431045939650065,11610.25223066096,11975.949436005714,11793.100833333338,11388.718822068598,11887.789177931425,11638.254000000012,11427.403627988584,12158.798038678091,11793.100833333338,11139.183644137183,12137.32435586284,11638.254000000012
2020-10-26,11504.52,-0.016082862877878745,11600.401843151314,11978.063156848693,11789.232500000004,11401.922830354859,11888.592169645162,11645.25750000001,11411.571186302624,12166.893813697383,11789.232500000004,11158.588160709707,12131.926839290314,11645.25750000001
2020-10-27,11598.95,0.008208078216214165,11582.54173928131,11974.773260718695,11778.657500000003,11427.418383271675,11890.696616728344,11659.05750000001,11386.42597856262,12170.889021437386,11778.657500000003,11195.779266543339,12122.33573345668,11659.05750000001
2020-10-28,11142.76,-0.0393302842067601,11455.44834648701,11944.308320179662,11699.878333333336,11391.461771428578,11899.123228571443,11645.29250000001,11211.018359640684,12188.738307025988,11699.878333333336,11137.631042857145,12152.953957142876,11645.29250000001
2020-10-29,11350.74,0.018665034515685575,11407.741026454292,11869.943973545709,11638.8425,11371.655584068352,11895.683415931666,11633.669500000009,11176.639552908584,12101.045447091417,11638.8425,11109.641668136695,12157.697331863323,11633.669500000009
2020-10-30,11052.95,-0.026235293910352953,11302.081580346448,11820.201752986888,11561.141666666668,11342.867311697293,11904.197688302727,11623.53250000001,11043.02149402623,12079.261839307106,11561.141666666668,11062.202123394578,12184.862876605443,11623.53250000001
2020-11-02,11084.76,0.0028779647062548985,11224.298236167288,11762.350097166047,11493.324166666667,11297.54352511517,11907.09147488485,11602.31750000001,10955.272305667908,12031.376027665427,11493.324166666667,10992.769550230332,12211.865449769688,11602.31750000001
2020-11-03,11279.91,0.01760525261710666,11195.979776674354,11695.291889992313,11445.635833333334,11296.355368469262,11907.14363153076,11601.74950000001,10946.323720015376,11944.947946651291,11445.635833333334,10990.961236938512,12212.53776306151,11601.74950000001
2020-11-04,11777.02,0.04407038708642186,11194.999535486215,11720.050464513784,11457.525,11308.563468660468,11922.318531339552,11615.44100000001,10932.474070972432,11982.575929027567,11457.525,11001.685937320924,12229.196062679095,11615.44100000001
2020-11-05,12078.07,0.025562493737804504,11177.348533464507,11804.406466535494,11490.8775,11318.551262070589,11965.043737929434,11641.797500000011,10863.819566929013,12117.935433070988,11490.8775,10995.305024141166,12288.289975858857,11641.797500000011
2020-11-06,12091.35,0.0010995134156368547,11170.09420927072,11882.657457395948,11526.375833333334,11321.839662774482,11998.30533722554,11660.072500000011,10813.812585208105,12238.939081458562,11526.375833333334,10983.606825548955,12336.538174451067,11660.072500000011
2020-11-09,11830.39,-0.021582370868430845,11175.04953068033,11905.615469319675,11540.332500000002,11321.440509124735,11972.932490875286,11647.18650000001,10809.766561360657,12270.898438639348,11540.332500000002,10995.69451824946,12298.678481750561,11647.18650000001
2020-11-10,11624.29,-0.01742123463385392,11171.420527218397,11897.864472781606,11534.642500000002,11315.082972488219,11933.402027511804,11624.242500000011,10808.198554436793,12261.08644556321,11534.642500000002,11005.923444976426,12242.561555023596,11624.242500000011
2020-11-11,11892.93,0.023110228667729382,11189.684131238846,11944.335868761158,11567.010000000002,11315.493895842625,11923.748104157396,11619.62100000001,10812.35826247769,12321.661737522314,11567.010000000002,11011.36679168524,12227.875208314781,11619.62100000001
2020-11-12,11827.14,-0.005531858003032131,11201.267213146168,11970.784453520499,11586.025833333333,11314.966446875656,11917.132553124367,11616.049500000012,10816.508592959004,12355.543073707662,11586.025833333333,11013.8833937513,12218.215606248723,11616.049500000012
2020-11-13,11937.84,0.00935982832705129,11282.63396764122,12021.931032358778,11652.2825,11315.132603313023,11925.533396686997,11620.33300000001,10912.985435282444,12391.579564717555,11652.2825,11009.932206626037,12230.733793373982,11620.33300000001
2020-11-16,12013.38,0.0063277778894672565,11337.500908280454,12077.504091719547,11707.5025,11321.653081570694,11956.915918429328,11639.28450000001,10967.499316560905,12447.505683439096,11707.5025,11004.021663141377,12274.547336858644,11639.28450000001
2020-11-17,11977.49,-0.002987502268304132,11471.333073415823,12097.761926584175,11784.547499999999,11327.777573313795,11980.756426686226,11654.26700000001,11158.118646831645,12410.976353168353,11784.547499999999,11001.28814662758,12307.245853372442,11654.26700000001
2020-11-18,11894.71,-0.006911297776078351,11629.067381049297,12075.019285617362,11852.04333333333,11334.83639404726,11996.63160595276,11665.73400000001,11406.091428765265,12297.995237901394,11852.04333333333,11003.938788094509,12327.52921190551,11665.73400000001
2020-11-19,11985.43,0.007626919866058124,11777.393928703319,12044.279404630006,11910.836666666662,11343.336278775665,12020.383721224354,11681.86000000001,11643.951190739974,12177.722142593351,11910.836666666662,11004.81255755132,12358.907442448699,11681.86000000001
2020-11-20,11906.44,-0.006590501967805862,11794.917557826531,12048.325775506797,11921.621666666664,11350.316098536072,12034.790901463946,11692.553500000009,11668.213448986398,12175.02988434693,11921.621666666664,11008.078697072135,12377.028302927883,11692.553500000009
2020-11-23,11905.94,-4.199408051441811e-05,11790.543920105425,12024.011079894568,11907.277499999997,11370.224100291147,12055.024899708871,11712.624500000009,11673.810340210854,12140.74465978914,11907.277499999997,11027.823700582287,12397.425299417731,11712.624500000009
2020-11-24,12079.81,0.014603634824297718,11791.200201312267,12021.43146535439,11906.315833333329,11385.889070670477,12087.44592932954,11736.667500000009,11676.084569291208,12136.547097375449,11906.315833333329,11035.110641340947,12438.22435865907,11736.667500000009
2020-11-25,12152.22,0.005994299579215268,11801.074197646743,12065.195802353246,11933.134999999995,11454.142008593994,12120.138991406024,11787.140500000009,11669.013395293494,12197.256604706496,11933.134999999995,11121.143517187978,12453.137482812039,11787.140500000009
2020-11-27,12258.21,0.008721863165742638,11862.14315880987,12109.780174523452,11985.96166666666,11500.284062371204,12164.743937628813,11832.514000000008,11738.324650953078,12233.598682380243,11985.96166666666,11168.054124742397,12496.97387525762,11832.514000000008
2020-11-30,12268.32,0.0008247533693745979,11873.284118076244,12161.20421525708,12017.244166666662,11602.592891131811,12183.972108868205,11893.282500000008,11729.324069485827,12305.164263847497,12017.244166666662,11311.903282263616,12474.6617177364,11893.282500000008
2020-12-01,12455.33,0.015243325899552795,11890.996827293311,12248.189839373346,12069.593333333329,11713.260022661783,12210.36197733823,11961.811000000007,11712.400321253295,12426.786345413362,12069.593333333329,11464.709045323558,12458.912954676456,11961.811000000007
2020-12-02,12456.41,8.670986637837608e-05,11908.152034749677,12317.462965250314,12112.807499999995,11804.911301797105,12236.36069820291,12020.636000000008,11703.49656949936,12522.11843050063,12112.807499999995,11589.186603594202,12452.085396405813,12020.636000000008
2020-12-03,12467.13,0.0008606010881144766,11925.146026819442,12376.093973180548,12150.619999999995,11825.67973746418,12284.603262535838,12055.141500000009,11699.67205363889,12601.567946361101,12150.619999999995,11596.217974928351,12514.065025071666,12055.141500000009
2020-12-04,12528.48,0.004920940104097715,11954.062094156983,12439.009572509676,12196.53583333333,11824.910669125285,12330.41333087473,12077.662000000008,11711.588354980637,12681.483311686023,12196.53583333333,11572.159338250562,12583.164661749453,12077.662000000008
2020-12-07,12596.47,0.005426835498001381,12007.383731711194,12502.647934955468,12255.015833333331,11824.766343267294,12381.069656732723,12102.918000000009,11759.751630089057,12750.280036577606,12255.015833333331,11546.61468653458,12659.221313465438,12102.918000000009
2020-12-08,12635.72,0.0031159523263264433,12054.870164573515,12563.543168759816,12309.206666666665,11848.746839839518,12437.6221601605,12143.184500000008,11800.533662480362,12817.879670852968,12309.206666666665,11554.309179679025,12732.059820320992,12143.184500000008
2020-12-09,12364.64,-0.021453466838454838,12126.871214446866,12567.908785553132,12347.39,11908.796078631885,12451.607921368131,12180.202000000008,11906.352428893733,12788.427571106266,12347.39,11637.390157263762,12723.013842736254,12180.202000000008
2020-12-10,12401.74,0.0030004917247894447,12217.479836975544,12559.933496357786,12388.706666666665,11938.772552215965,12472.512447784053,12205.642500000009,12046.253007284424,12731.160326048906,12388.706666666665,11671.902604431922,12739.382395568096,12205.642500000009
2020-12-11,12375.41,-0.002123089179421611,12271.924128253471,12554.755871746525,12413.339999999998,11979.274217081991,12486.837782918024,12233.056000000008,12130.508256506942,12696.171743493054,12413.339999999998,11725.492434163973,12740.619565836043,12233.056000000008
2020-12-14,12462.21,0.007013909034124799,12323.894282225805,12554.450717774193,12439.172499999999,12010.561015751366,12507.987984248652,12259.274500000009,12208.616064451611,12669.728935548386,12439.172499999999,11761.847531502723,12756.701468497295,12259.274500000009
2020-12-15,12595.92,0.010729236628174377,12359.233342696518,12575.396657303483,12467.315,12035.91825483887,12540.884745161147,12288.401500000009,12251.151685393033,12683.478314606968,12467.315,11783.43500967773,12793.367990322287,12288.401500000009
2020-12-16,12668.16,0.005735190442619498,12397.981511240196,12603.288488759805,12500.635,12067.993593140367,12577.87640685965,12322.935000000009,12295.328022480393,12705.941977519607,12500.635,11813.052186280725,12832.817813719292,12322.935000000009
2020-12-17,12752.06,0.006622903405072211,12401.141391112678,12649.583608887324,12525.362500000001,12114.602594119318,12617.0024058807,12365.802500000009,12276.920282225356,12773.804717774647,12525.362500000001,11863.402688238628,12868.20231176139,12365.802500000009
2020-12-18,12738.18,-0.0010884515913506254,12412.775045174632,12684.911621492032,12548.843333333332,12155.864748579794,12651.015251420225,12403.44000000001,12276.706757015934,12820.97990965073,12548.843333333332,11908.289497159578,12898.590502840441,12403.44000000001
2020-12-21,12690.26,-0.003761918892651872,12428.338758804086,12706.536241195914,12567.4375,12216.785848113768,12668.476151886252,12442.63100000001,12289.240017608172,12845.634982391828,12567.4375,11990.940696227526,12894.321303772495,12442.63100000001
2020-12-22,12717.56,0.002151256160236148,12438.32028248653,12728.068050846803,12583.194166666666,12288.043113038262,12678.380886961759,12483.21200000001,12293.446398306394,12872.941935026938,12583.194166666666,12092.874226076514,12873.549773923507,12483.21200000001
2020-12-23,12653.14,-0.005065437080697843,12441.653698860282,12734.179634473046,12587.916666666664,12338.152463189044,12685.604536810975,12511.87850000001,12295.390731053902,12880.442602279427,12587.916666666664,12164.426426378077,12859.330573621943,12511.87850000001
2020-12-24,12711.01,0.004573568300042519,12444.125441135058,12744.256225531606,12594.190833333332,12382.853239301805,12696.782760698215,12539.81800000001,12294.060048936786,12894.321617729878,12594.190833333332,12225.8884786036,12853.74752139642,12539.81800000001
2020-12-28,12838.86,0.010058209379113059,12487.19051340434,12780.227819928983,12633.709166666662,12413.018924776725,12724.682075223298,12568.850500000011,12340.67186014202,12926.746473191304,12633.709166666662,12257.187349553438,12880.513650446585,12568.850500000011
2020-12-29,12843.49,0.00036062391832292207,12532.325082322983,12808.718251010341,12670.521666666662,12447.179201023904,12748.038798976118,12597.609000000011,12394.128497979304,12946.91483535402,12670.521666666662,12296.749402047799,12898.468597952224,12597.609000000011
2020-12-30,12845.36,0.0001455990544627639,12598.838497832645,12820.529835500676,12709.68416666666,12460.924976360766,12773.296023639257,12617.110500000012,12487.992828998627,12931.375504334694,12709.68416666666,12304.73945272152,12929.481547278503,12617.110500000012
2020-12-31,12888.28,0.0033412843236779732,12654.395815464459,12835.984184535531,12745.189999999995,12476.179977438836,12801.228022561185,12638.70400000001,12563.60163092892,12926.77836907107,12745.189999999995,12313.655954877662,12963.752045122359,12638.70400000001
2021-01-04,12694.66,-0.015022951084240899,12673.566933979237,12833.269732687419,12753.418333333328,12492.304502610168,12807.856497389854,12650.080500000011,12593.715534625146,12913.12113204151,12753.418333333328,12334.528505220325,12965.632494779697,12650.080500000011
2021-01-05,12802.38,0.008485457664876295,12688.46606706266,12840.740599603994,12764.603333333327,12505.224588818239,12822.326411181783,12663.77550000001,12612.328800791993,12916.877865874661,12764.603333333327,12346.673677636467,12980.877322363554,12663.77550000001
2021-01-06,12623.35,-0.013984118577951787,12667.442888127413,12840.312111872578,12753.877499999995,12507.055971583373,12823.18302841665,12665.119500000012,12581.008276254828,12926.746723745162,12753.877499999995,12348.992443166735,12981.246556833288,12665.119500000012
2021-01-07,12939.57,0.025050402626877855,12669.28946958616,12872.030530413833,12770.659999999996,12511.019352956055,12849.604647043963,12680.312000000009,12567.918939172323,12973.40106082767,12770.659999999996,12341.7267059121,13018.897294087918,12680.312000000009
2021-01-08,13105.2,0.012800270797252322,12669.009666357246,12941.467000309412,12805.23833333333,12539.931824819034,12894.748175180981,12717.340000000007,12532.780999381164,13077.695667285494,12805.23833333333,12362.523649638058,13072.156350361956,12717.340000000007
2021-01-11,12902.49,-0.015467905869425924,12684.781176626902,12956.517156706423,12820.649166666662,12576.921322597107,12907.833677402909,12742.377500000008,12548.913186587142,13092.385146746183,12820.649166666662,12411.465145194208,13073.289854805807,12742.377500000008
2021-01-12,12892.09,-0.0008060459647710738,12714.305218490414,12966.818114842908,12840.561666666661,12624.109934638189,12912.313065361828,12768.211500000009,12588.048770314168,13093.074563019154,12840.561666666661,12480.008369276367,13056.41463072365,12768.211500000009
2021-01-13,12973.63,0.006324808467827792,12737.939015909806,12986.954317423517,12862.446666666661,12661.988745061546,12925.57625493847,12793.782500000008,12613.431365152952,13111.46196818037,12862.446666666661,12530.194990123086,13057.370009876931,12793.782500000008
2021-01-14,12898.69,-0.005776332452829269,12742.757412445026,12992.107587554965,12867.432499999995,12683.832649332882,12934.00935066713,12808.921000000006,12618.082324890054,13116.782675109936,12867.432499999995,12558.744298665759,13059.097701334253,12808.921000000006
2021-01-15,12803.93,-0.007346482472251115,12738.252929558033,12990.018737108623,12864.135833333328,12695.056803497151,12936.362196502865,12815.709500000008,12612.370025782739,13115.901640883918,12864.135833333328,12574.404106994292,13057.014893005724,12815.709500000008
2021-01-19,12996.54,0.01504303756737202,12745.451932359356,13008.016400973967,12876.734166666662,12701.808191037933,12954.058808962083,12827.933500000008,12614.169698052048,13139.298635281275,12876.734166666662,12575.682882075856,13080.18411792416,12827.933500000008
2021-01-20,13296.45,0.02307614180389539,12731.931568925304,13089.565097741355,12910.74833333333,12693.931975499698,13017.76202450032,12855.847000000009,12553.114804517276,13268.381862149383,12910.74833333333,12532.016950999385,13179.677049000633,12855.847000000009
2021-01-21,13404.99,0.008163081123156779,12755.198878563291,13184.6861214367,12969.942499999996,12693.339888666724,13089.827111333292,12891.583500000008,12540.455257126585,13399.429742873406,12969.942499999996,12495.09627733344,13288.070722666576,12891.583500000008
2021-01-22,13366.4,-0.002878778723445552,12781.484359192793,13252.403974140529,13016.94416666666,12703.878787903068,13144.17221209695,12924.025500000009,12546.024551718925,13487.863781614396,13016.94416666666,12483.732075806127,13364.31892419389,12924.025500000009
2021-01-25,13483.29,0.008745062245630875,12852.965146753111,13324.246519913544,13088.605833333328,12722.117901019754,13208.94809898026,12965.533000000007,12617.324460172893,13559.887206493762,13088.605833333328,12478.7028020395,13452.363197960514,12965.533000000007
2021-01-26,13490.19,0.0005117445371269902,12877.836692249195,13391.14497441746,13134.490833333328,12742.325496627602,13266.658503372413,13004.492000000007,12621.182551165064,13647.799115501592,13134.490833333328,12480.158993255196,13528.825006744819,13004.492000000007
2021-01-27,13112.65,-0.027986262610089296,12878.52581830628,13391.697515027037,13135.111666666658,12757.978099838687,13278.384900161333,13018.18150000001,12621.9399699459,13648.283363387416,13135.111666666658,12497.774699677364,13538.588300322655,13018.18150000001
2021-01-28,13201.53,0.006778187475453112,12913.77870142988,13406.284631903442,13160.03166666666,12776.215081893468,13295.951918106555,13036.083500000012,12667.5257361931,13652.53759714022,13160.03166666666,12516.346663786924,13555.820336213099,13036.083500000012
2021-01-29,12925.38,-0.020918029955618866,12919.678095173102,13405.933571493551,13162.805833333327,12782.702953275193,13297.46604672483,13040.084500000012,12676.550357012877,13649.061309653776,13162.805833333327,12525.321406550373,13554.847593449651,13040.084500000012
2021-02-01,13248.9,0.025029825041894327,12949.191659311391,13422.298340688596,13185.744999999994,12799.300699429295,13316.93030057073,13058.115500000013,12712.638318622789,13658.851681377198,13185.744999999994,12540.485898858578,13575.745101141447,13058.115500000013
2021-02-02,13456.12,0.015640543743254298,13002.505935381594,13461.889064618392,13232.197499999993,12837.646684807809,13354.73031519222,13096.188500000015,12772.814370763193,13691.580629236792,13232.197499999993,12579.104869615603,13613.272130384426,13096.188500000015
2021-02-03,13402.37,-0.003994464972072231,13092.320829451804,13471.81417054818,13282.067499999992,12868.724889702256,13383.651110297773,13126.188000000015,12902.574158903617,13661.560841096367,13282.067499999992,12611.261779404496,13641.114220595533,13126.188000000015
2021-02-04,13560.89,0.01182775882176057,13146.759089662048,13511.434243671267,13329.096666666657,12926.86989956353,13419.260100436504,13173.065000000017,12964.42151265744,13693.771820675875,13329.096666666657,12680.674799127042,13665.455200872992,13173.065000000017
2021-02-05,13603.96,0.0031760452300697573,13156.475464248822,13552.969535751155,13354.722499999989,12948.693595811275,13463.87540418876,13206.284500000018,12958.228428497654,13751.216571502324,13354.722499999989,12691.102691622535,13721.466308377501,13206.284500000018
2021-02-08,13695.02,0.0066936392050551685,13157.617147210301,13600.16618612301,13378.891666666656,12957.438489610899,13514.112510389137,13235.775500000018,12936.34262775395,13821.440705579362,13378.891666666656,12679.101479221781,13792.449520778255,13235.775500000018
2021-02-09,13687.08,-0.0005797727933219976,13167.279691682183,13643.950308317795,13405.614999999989,12990.88347397178,13559.126526028258,13275.00500000002,12928.944383364376,13882.285616635601,13405.614999999989,12706.761947943543,13843.248052056495,13275.00500000002
2021-02-10,13655.27,-0.0023240895793696925,13171.5572428567,13668.336090476609,13419.946666666654,13031.941932205333,13594.386067794705,13313.164000000019,12923.167819046745,13916.725514286563,13419.946666666654,12750.719864410645,13875.608135589393,13313.164000000019
2021-02-11,13734.35,0.005791170734815276,13176.127777036954,13704.458889629686,13440.29333333332,13066.890056045253,13635.509943954781,13351.200000000017,12911.962220740586,13968.624445926054,13440.29333333332,12782.580112090489,13919.819887909545,13351.200000000017
2021-02-12,13807.7,0.005340624055743426,13236.229177143128,13760.199156190183,13498.214166666656,13115.850633894313,13677.450366105722,13396.650500000018,12974.244187619599,14022.184145713712,13498.214166666656,12835.050767788609,13958.250232211427,13396.650500000018
2021-02-16,13773.77,-0.0024573245363094243,13290.839559680375,13800.962106986266,13545.90083333332,13189.470549809048,13700.814450190992,13445.14250000002,13035.778286027431,14056.02338063921,13545.90083333332,12933.798599618076,13956.486400381964,13445.14250000002
2021-02-17,13699.71,-0.005376886647591839,13444.114183012282,13776.74248365436,13610.42833333332,13241.79327279654,13718.808727203503,13480.301000000021,13277.800032691242,13943.056633975399,13610.42833333332,13003.285545593058,13957.316454406984,13480.301000000021
2021-02-18,13637.51,-0.004540242092715752,13521.565107366188,13764.059892633786,13642.812499999987,13260.49626276435,13734.211737235692,13497.354000000021,13400.317714732388,13885.307285267587,13642.812499999987,13023.638525528682,13971.06947447136,13497.354000000021
2021-02-19,13580.78,-0.004159850295251788,13544.736694185394,13761.664972481249,13653.200833333321,13269.632250812276,13742.654749187772,13506.143500000024,13436.272555037465,13870.129111629178,13653.200833333321,13033.12100162453,13979.165998375518,13506.143500000024
2021-02-22,13223.74,-0.026290095266987668,13488.081663819097,13788.548336180878,13638.314999999988,13256.0008893936,13742.020110606445,13499.010500000022,13337.848327638209,13938.781672361767,13638.314999999988,13012.991278787174,13985.02972121287,13499.010500000022
2021-02-23,13194.71,-0.0021952942208482984,13410.572076704851,13805.027923295125,13607.799999999988,13232.202557111752,13736.960442888296,13484.581500000024,13213.344153409716,14002.25584659026,13607.799999999988,12979.82361422348,13989.339385776568,13484.581500000024
2021-02-24,13302.19,0.008145688688876218,13366.554593648298,13798.75040635168,13582.65249999999,13219.54241544869,13730.820584551358,13475.181500000024,13150.456687296606,14014.848312703372,13582.65249999999,12963.903330897358,13986.45966910269,13475.181500000024
2021-02-25,12828.31,-0.03562420924674814,13207.788470335088,13813.064862998226,13510.426666666657,13177.689788930897,13744.239211069147,13460.964500000022,12905.150274003521,14115.703059329793,13510.426666666657,12894.41507786177,14027.513922138274,13460.964500000022
2021-02-26,12909.44,0.006324293691063021,13103.560929953332,13787.685736713316,13445.623333333324,13142.24317146207,13750.47682853797,13446.36000000002,12761.498526573341,14129.748140093307,13445.623333333324,12838.126342924119,14054.593657075922,13446.36000000002
2021-03-01,13282.95,0.028933090823459517,13076.415353561739,13752.77797977158,13414.596666666659,13182.68793288111,13745.789067118933,13464.238500000021,12738.234040456819,14090.9592928765,13414.596666666659,12901.137365762197,14027.339634237846,13464.238500000021
2021-03-02,13059.95,-0.0167884393150618,13022.152249360246,13694.641083973074,13358.39666666666,13162.662952050276,13746.919047949767,13454.791000000021,12685.907832053832,14030.885501279488,13358.39666666666,12870.534904100532,14039.04709589951,13454.791000000021
2021-03-03,12683.33,-0.028837782686763846,12908.947178121522,13620.451155211795,13264.699166666658,13076.900993220379,13755.402006779665,13416.151500000022,12553.195189576385,13976.203143756931,13264.699166666658,12737.650486440734,14094.65251355931,13416.151500000022
2021-03-04,12464.0,-0.01729277721229361,12770.470545110673,13540.632788222645,13155.551666666659,12968.634575467577,13769.831424532467,13369.233000000022,12385.389423554689,13925.71390977863,13155.551666666659,12568.036150935131,14170.429849064913,13369.233000000022
2021-03-05,12668.51,0.016408055198973148,12702.362042841132,13436.87462382552,13069.618333333327,12897.656213914639,13751.571786085404,13324.614000000021,12335.105752348938,13804.130914317715,13069.618333333327,12470.698427829257,14178.529572170786,13324.614000000021
2021-03-08,12299.08,-0.02916128258177164,12576.031279656525,13340.133720343458,12958.082499999991,12780.769173159306,13737.970826840736,13259.37000000002,12193.980059313057,13722.184940686926,12958.082499999991,12302.16834631859,14216.571653681453,13259.37000000002
2021-03-09,12794.49,0.04028024860396062,12563.22238753179,13221.89427913486,12892.558333333325,12736.525484904056,13692.161515095986,13214.34350000002,12233.886441730256,13551.230224936395,12892.558333333325,12258.707469808089,14169.979530191953,13214.34350000002
2021-03-10,12752.07,-0.0033154897147131823,12539.246114681995,13167.258885317991,12853.252499999993,12692.730368294267,13642.45563170577,13167.593000000019,12225.239729363995,13481.265270635991,12853.252499999993,12217.867736588514,14117.318263411524,13167.593000000019
2021-03-11,13052.9,0.023590679787673707,12538.991891826176,13143.878108173809,12841.434999999992,12676.264477747642,13598.684522252399,13137.47450000002,12236.548783652359,13446.321216347626,12841.434999999992,12215.054455495263,14059.894544504778,13137.47450000002
2021-03-12,12937.29,-0.008857035601283925,12542.700680958826,13079.352652374493,12811.02666666666,12656.711720038133,13538.531279961906,13097.62150000002,12274.374695250992,13347.678638082327,12811.02666666666,12215.801940076244,13979.441059923794,13097.62150000002
2021-03-15,13082.54,0.011227235379279499,12552.598824494726,13111.826175505263,12832.212499999994,12653.32903477262,13469.397965227416,13061.363500000018,12272.985148989457,13391.439851010531,12832.212499999994,12245.29456954522,13877.432430454815,13061.363500000018
2021-03-16,13152.28,0.005330769101413058,12558.326939678705,13146.571393654614,12852.44916666666,12657.195201353608,13403.382798646433,13030.28900000002,12264.20471269075,13440.69362064257,12852.44916666666,12284.101402707196,13776.476597292845,13030.28900000002
2021-03-17,13202.38,0.003809225472693578,12561.582929846092,13129.887070153894,12845.734999999993,12664.070339677914,13346.774660322124,13005.422500000019,12277.43085969219,13414.039140307797,12845.734999999993,12322.718179355808,13688.12682064423,13005.422500000019
2021-03-18,12789.14,-0.03130041704601749,12546.931465910364,13099.403534089617,12823.16749999999,12653.066690627555,13272.941309372483,12963.004000000019,12270.695431820735,13375.639568179246,12823.16749999999,12343.12938125509,13582.878618744948,12963.004000000019
2021-03-19,12866.99,0.00608719585523354,12565.621428296825,13111.323571703157,12838.47249999999,12653.236305923678,13201.39269407636,12927.314500000019,12292.77035659366,13384.17464340632,12838.47249999999,12379.158111847337,13475.4708881527,12927.314500000019
2021-03-22,13086.51,0.01706071116865715,12636.661965804999,13144.034700861654,12890.348333333326,12652.537872097657,13188.368127902379,12920.453000000018,12382.97559827667,13397.721068389983,12890.348333333326,12384.622744195298,13456.283255804738,12920.453000000018
2021-03-23,13017.79,-0.005251209069492169,12673.619271495952,13165.290728504033,12919.454999999993,12650.386750662026,13172.827249338006,12911.607000000016,12427.78354299191,13411.126457008075,12919.454999999993,12389.166501324036,13434.047498675996,12911.607000000016
2021-03-24,12798.88,-0.01681621842109926,12803.381484862603,13118.828515137386,12961.104999999994,12641.0663196553,13131.816680344731,12886.441500000015,12645.657969725211,13276.552030274777,12961.104999999994,12395.691139310584,13377.191860689447,12886.441500000015
2021-03-25,12780.51,-0.0014352818371606846,12800.828407199035,13119.051592800955,12959.939999999995,12637.848911953544,13130.254088046488,12884.051500000016,12641.716814398074,13278.163185601916,12959.939999999995,12391.64632390707,13376.456676092961,12884.051500000016
2021-03-26,12979.12,0.015540068432323917,12833.839377587849,13123.882289078805,12978.860833333327,12640.463248528718,13134.607751471314,12887.535500000016,12688.81792184237,13268.903744824283,12978.860833333327,12393.390997057419,13381.680002942614,12887.535500000016
2021-03-29,12965.74,-0.0010308865315985516,12828.450806383955,13114.744193616034,12971.597499999994,12641.734337253725,13101.615662746302,12871.675000000014,12685.304112767915,13257.890887232074,12971.597499999994,12411.793674507437,13331.556325492591,12871.675000000014
2021-03-30,12896.53,-0.005337913609250178,12823.688986794112,13112.712679872542,12968.200833333327,12637.740214516645,13089.267785483386,12863.504000000015,12679.177140254895,13257.22452641176,12968.200833333327,12411.976429033275,13315.031570966756,12863.504000000015
2021-03-31,13091.44,0.015113367704336023,12823.769168481724,13114.11583151826,12968.942499999992,12656.848076465274,13110.970923534758,12883.909500000016,12678.595836963454,13259.28916303653,12968.942499999992,12429.786652930534,13338.032347069498,12883.909500000016
2021-04-01,13329.51,0.018185165268297387,12811.663311474684,13155.760021858638,12983.71166666666,12701.894386452486,13152.475613547545,12927.185000000016,12639.614956282705,13327.808377050616,12983.71166666666,12476.603772904957,13377.766227095075,12927.185000000016
2021-04-05,13598.16,0.020154529311279923,12775.054152271428,13258.332514395226,13016.693333333327,12711.64665014915,13235.688349850878,12973.667500000014,12533.414971209528,13499.971695457127,13016.693333333327,12449.625800298287,13497.709199701741,12973.667500000014
2021-04-06,13578.46,-0.001448725415791552,12803.809753658801,13361.130246341183,13082.469999999992,12793.407465662553,13281.865534337478,13037.636500000015,12525.149507317608,13639.790492682376,13082.469999999992,12549.17843132509,13526.09456867494,13037.636500000015
2021-04-07,13616.7,0.00281622510947499,12836.533746656492,13453.35792001016,13144.945833333326,12809.664596712591,13347.829403287436,13078.747000000014,12528.121659979657,13761.770006686995,13144.945833333326,12540.582193425169,13616.911806574859,13078.747000000014
2021-04-08,13758.5,0.010413683197837864,12846.531110458363,13555.358889541621,13200.944999999992,12831.6760898347,13426.460910165328,13129.068500000014,12492.117220916733,13909.772779083252,13200.944999999992,12534.283679669386,13723.853320330642,13129.068500000014
2021-04-09,13845.05,0.006290656684958318,12876.067868072225,13663.698798594423,13269.883333333324,12831.828740089144,13505.52325991088,13168.676000000012,12482.252402811127,14057.51426385552,13269.883333333324,12494.981480178276,13842.370519821749,13168.676000000012
2021-04-12,13819.35,-0.0018562590962112324,12961.882323147187,13747.962676852796,13354.922499999991,12851.000415869092,13574.557584130935,13212.779000000013,12568.842146294382,14141.0028537056,13354.922499999991,12489.221831738168,13936.336168261858,13212.779000000013
2021-04-13,13986.49,0.012094635420623945,13068.472963495537,13842.368703171109,13455.420833333323,12858.7930328116,13657.159967188427,13257.976500000013,12681.52509365775,14229.316573008895,13455.420833333323,12459.609565623186,14056.34343437684,13257.976500000013
2021-04-14,13803.91,-0.01305402570623504,13156.741311648104,13891.565355018542,13524.153333333323,12874.230578085624,13706.885421914396,13290.55800000001,12789.329289962885,14258.97737670376,13524.153333333323,12457.90315617124,14123.21284382878,13290.55800000001
2021-04-15,14026.19,0.016102683949692498,13264.620046634083,13960.42828669923,13612.524166666657,12884.965386689179,13778.531613310843,13331.74850000001,12916.715926601511,14308.332406731803,13612.524166666657,12438.182273378347,14225.314726621675,13331.74850000001
2021-04-16,14041.91,0.0011207605201410953,13422.919079292831,13993.02592070715,13707.97249999999,12939.928293948184,13848.845706051832,13394.387000000008,13137.865658585673,14278.079341414308,13707.97249999999,12485.469587896361,14303.304412103655,13394.387000000008
2021-04-19,13907.67,-0.009559953026333279,13563.205503675168,13988.777829658151,13775.99166666666,12995.966101622143,13896.875898377872,13446.421000000008,13350.419340683678,14201.56399264964,13775.99166666666,12545.51120324428,14347.330796755736,13446.421000000008
2021-04-20,13809.3,-0.0070730755043799665,13656.24774558928,13975.700587744035,13815.974166666658,13033.50847713789,13931.612522862124,13482.560500000007,13496.521324511905,14135.42700882141,13815.974166666658,12584.456454275773,14380.664545724241,13482.560500000007
2021-04-21,13935.15,0.009113423562381984,13696.983966070515,13991.129367262798,13844.056666666656,13082.508113262491,13974.348886737527,13528.428500000009,13549.911265474373,14138.20206785894,13844.056666666656,12636.587726524975,14420.269273475044,13528.428500000009
2021-04-22,13762.36,-0.012399579480665723,13734.609634410344,13984.153698922966,13859.381666666655,13162.75514178212,13990.449858217897,13576.602500000008,13609.837602154033,14108.925731179277,13859.381666666655,12748.907783564231,14404.297216435785,13576.602500000008
2021-04-23,13941.44,0.013012303122429625,13786.307138139398,13986.579528527245,13886.443333333322,13258.65359886775,14010.644401132267,13634.649000000009,13686.170942945475,14086.715723721169,13886.443333333322,12882.658197735489,14386.639802264528,13634.649000000009
2021-04-26,14026.16,0.0060768471549565994,13809.89999791391,14007.596668752734,13908.748333333322,13334.952390394403,14039.049609605612,13687.001000000007,13711.051662494498,14106.445004172147,13908.748333333322,12982.903780788798,14391.098219211217,13687.001000000007
2021-04-27,13960.28,-0.004696937722085015,13820.66280182854,14016.038864838107,13918.350833333323,13423.86055386923,14049.595446130787,13736.728000000008,13722.974770323755,14113.72689634289,13918.350833333323,13110.99310773845,14362.462892261567,13736.728000000008
2021-04-28,13901.62,-0.004201921451432167,13832.329821099736,14018.083512233576,13925.206666666656,13543.04752859914,14030.917471400875,13786.982500000007,13739.452975532815,14110.960357800497,13925.206666666656,13299.112557198272,14274.852442801743,13786.982500000007
2021-04-29,13970.21,0.00493395733734614,13831.834803922775,14015.865196077204,13923.84999999999,13647.135907113396,14014.70609288662,13830.921000000008,13739.81960784556,14107.880392154419,13923.84999999999,13463.350814226782,14198.491185773233,13830.921000000008
2021-04-30,13860.76,-0.007834527899007848,13842.005863785473,14015.169136214505,13928.587499999989,13716.597526350082,13998.369473649933,13857.483500000008,13755.424227570957,14101.75077242902,13928.587499999989,13575.711552700157,14139.255447299858,13857.483500000008
2021-05-03,13799.72,-0.004403798925888713,13821.672290064615,13997.757709935364,13909.71499999999,13739.58433993774,13995.538660062273,13867.561500000007,13733.629580129242,14085.800419870737,13909.71499999999,13611.607179875475,14123.51582012454,13867.561500000007
2021-05-04,13544.67,-0.018482259060328743,13740.199851581252,13996.356815085393,13868.278333333323,13733.722349639145,13998.021650360868,13865.872000000007,13612.121369829181,14124.435296837464,13868.278333333323,13601.572699278286,14130.171300721728,13865.872000000007
2021-05-05,13503.37,-0.0030491698948736934,13669.874819141385,13999.298514191925,13834.586666666655,13715.02214919028,14005.388850809732,13860.205500000005,13505.162971616115,14164.010361717195,13834.586666666655,13569.838798380553,14150.572201619458,13860.205500000005
2021-05-06,13613.73,0.008172774648106174,13641.607411295321,13994.970922037992,13818.289166666656,13699.096899724093,14006.837100275916,13852.967000000004,13464.925655923984,14171.652677409329,13818.289166666656,13545.22679944818,14160.707200551828,13852.967000000004
2021-05-07,13719.63,0.007778911437203551,13625.663952590216,13974.9943807431,13800.329166666657,13689.95724395579,14003.43475604422,13846.696000000005,13450.998738513774,14149.65959481954,13800.329166666657,13533.218487911578,14160.173512088433,13846.696000000005
2021-05-10,13359.08,-0.02627986323246323,13550.285740387859,13983.159259612119,13766.722499999989,13632.673702823917,14014.691297176096,13823.682500000006,13333.848980775727,14199.596019224251,13766.722499999989,13441.664905647825,14205.700094352187,13823.682500000006
2021-05-11,13351.27,-0.0005846210966623522,13478.53936493429,13956.54396839902,13717.541666666655,13577.974271256378,14005.868728743637,13791.921500000008,13239.537063201924,14195.546270131386,13717.541666666655,13364.02704251275,14219.815957487266,13791.921500000008
2021-05-12,13001.63,-0.026187770901195284,13337.028522768333,13927.299810564977,13632.164166666655,13474.42033109643,14029.19466890359,13751.80750000001,13041.892878870012,14222.435454463297,13632.164166666655,13197.033162192849,14306.58183780717,13751.80750000001
2021-05-13,13109.15,0.008269732333561208,13250.274694909944,13872.198638423366,13561.236666666655,13401.808377022491,14010.10262297753,13705.955500000011,12939.312723153234,14183.160610180075,13561.236666666655,13097.661254044971,14314.24974595505,13705.955500000011
2021-05-14,13393.12,0.02166196893009853,13224.285617037387,13813.437716295923,13518.861666666655,13372.50383232502,13974.528167675006,13673.516000000012,12929.709567408121,14108.013765925189,13518.861666666655,13071.491664650026,14275.540335349999,13673.516000000012
2021-05-17,13312.91,-0.005988895791272042,13201.715884156132,13726.457449177178,13464.086666666655,13337.778361599849,13949.777638400174,13643.778000000011,12939.345101645611,13988.8282316877,13464.086666666655,13031.778723199684,14255.777276800338,13643.778000000011
2021-05-18,13217.68,-0.00715320692470689,13171.916289993791,13649.077043339516,13410.496666666653,13296.661999258726,13931.732000741296,13614.197000000011,12933.335913320927,13887.65742001238,13410.496666666653,12979.12699851744,14249.267001482582,13614.197000000011
2021-05-19,13237.91,0.0015305257806210726,13155.196472357158,13572.16186097615,13363.679166666654,13260.619241921831,13898.050758078189,13579.33500000001,12946.713778047662,13780.644555285646,13363.679166666654,12941.903483843653,14216.766516156367,13579.33500000001
2021-05-20,13494.09,0.019351997407445864,13154.491556280862,13564.436777052442,13359.464166666652,13249.678332879766,13882.164667120256,13565.921500000011,12949.518945895072,13769.409387438232,13359.464166666652,12933.435165759522,14198.407834240501,13565.921500000011
2021-05-21,13411.74,-0.006102671614017674,13151.039959084796,13552.616707581841,13351.828333333318,13234.312387128695,13844.560612871326,13539.43650000001,12950.251584836273,13753.405081830364,13351.828333333318,12929.18827425738,14149.684725742642,13539.43650000001
2021-05-24,13641.75,0.017149900012973784,13149.919195403194,13558.407471263441,13354.163333333317,13235.972452160482,13804.45954783954,13520.216000000011,12945.67505747307,13762.651609193565,13354.163333333317,12951.728904320953,14088.70309567907,13520.216000000011
2021-05-25,13657.73,0.0011714039621015804,13154.269775913453,13543.740224086516,13349.004999999985,13237.962426251,13772.214573749017,13505.088500000009,12959.534551826922,13738.475448173047,13349.004999999985,12970.836352501992,14039.340647498026,13505.088500000009
2021-05-26,13702.74,0.003295569615155758,13157.65883440276,13597.627832263877,13377.643333333319,13240.129364381639,13750.15963561838,13495.14450000001,12937.674335472202,13817.612331194436,13377.643333333319,12985.114228763268,14005.17477123675,13495.14450000001
2021-05-27,13657.85,-0.003275987138338765,13169.192328523259,13637.191004810047,13403.191666666653,13246.522199107392,13712.530800892622,13479.526500000007,12935.192990379863,13871.190342953443,13403.191666666653,13013.517898214777,13945.535101785237,13479.526500000007
2021-05-28,13686.51,0.0020984269119956878,13250.884590631524,13669.64540936845,13460.264999999987,13249.86936355772,13691.758636442295,13470.814000000008,13041.50418126306,13879.025818736913,13460.264999999987,13028.924727115435,13912.70327288458,13470.814000000008
2021-06-01,13654.59,-0.002332223481369633,13321.838404534163,13689.59826213248,13505.718333333321,13251.791064538342,13675.323935461678,13463.55750000001,13137.958475735002,13873.47819093164,13505.718333333321,13040.024629076674,13887.090370923346,13463.55750000001
2021-06-02,13675.79,0.0015525914729039858,13343.039327114784,13715.509006218526,13529.274166666655,13253.724569665534,13686.502430334487,13470.11350000001,13156.804487562911,13901.7438457704,13529.274166666655,13037.335639331059,13902.891360668962,13470.11350000001
2021-06-03,13529.68,-0.01068384349277085,13373.926445105262,13720.750221561379,13547.33833333332,13254.747475688688,13688.11052431133,13471.42900000001,13200.514556877204,13894.162109789437,13547.33833333332,13038.065951377368,13904.79204862265,13471.42900000001
2021-06-04,13770.77,0.017819342364342683,13443.719378715545,13743.138954617763,13593.429166666654,13254.478260952774,13704.08373904725,13479.281000000012,13294.009590764434,13892.848742568875,13593.429166666654,13029.675521905536,13928.886478094488,13479.281000000012
2021-06-07,13802.89,0.0023324766879411207,13528.738748067231,13752.28291859941,13640.510833333321,13253.249838260559,13713.638161739465,13483.444000000012,13416.96666280114,13864.055003865502,13640.510833333321,13023.055676521104,13943.83232347892,13483.444000000012
2021-06-08,13810.86,0.0005774153094026957,13555.45478346244,13778.361883204207,13666.908333333324,13266.699796459792,13745.366203540229,13506.03300000001,13444.00123359156,13889.815433075088,13666.908333333324,13027.366592919572,13984.699407080449,13506.03300000001
2021-06-09,13814.94,0.0002954196914601859,13615.283599638424,13785.733067028224,13700.508333333324,13283.297202256063,13775.135797743957,13529.21650000001,13530.058865943525,13870.957800723123,13700.508333333324,13037.377904512117,14021.055095487902,13529.21650000001
2021-06-10,13960.35,0.010525561457378707,13616.0701572362,13838.04650943045,13727.058333333325,13346.52166066733,13807.783339332686,13577.152500000007,13505.081981139074,13949.034685527577,13727.058333333325,13115.890821334653,14038.414178665362,13577.152500000007
2021-06-11,13998.3,0.0027184132202988653,13622.43127520835,13888.447058124962,13755.439166666656,13400.437218339724,13842.782781660288,13621.610000000006,13489.423383750043,14021.454949583269,13755.439166666656,13179.264436679443,14063.95556332057,13621.610000000006
2021-06-14,14128.2,0.009279698249073265,13621.485880003387,13960.302453329929,13790.894166666658,13417.003905919162,13899.724094080852,13658.364000000007,13452.077593340116,14129.7107399932,13790.894166666658,13175.64381183832,14141.084188161694,13658.364000000007
2021-06-15,14030.41,-0.006921617757393084,13645.153549367527,13998.728117299122,13821.940833333325,13453.606210006674,13934.87178999334,13694.239000000007,13468.366265401732,14175.515401264918,13821.940833333325,13212.97342001334,14175.504579986673,13694.239000000007
2021-06-16,13983.01,-0.0033783759704811844,13669.790998918385,14023.50733441493,13846.649166666657,13511.601572049594,13953.409427950422,13732.505500000008,13492.932831170112,14200.365502163202,13846.649166666657,13290.69764409918,14174.313355900837,13732.505500000008
2021-06-17,14163.81,0.012929977165145434,13701.71907665835,14076.449256674967,13889.084166666658,13570.334084063546,13987.26691593647,13778.800500000008,13514.35398665004,14263.814346683277,13889.084166666658,13361.867668127086,14195.73333187293,13778.800500000008
2021-06-18,14049.58,-0.008064920385122298,13740.641951057021,14099.824715609624,13920.233333333323,13601.053878444984,14012.096121555032,13806.575000000008,13561.050568780718,14279.416097885927,13920.233333333323,13395.53275688996,14217.617243110057,13806.575000000008
2021-06-21,14137.23,0.006238620656275895,13829.898414494826,14111.826585505154,13970.86249999999,13646.882134095102,14038.816865904913,13842.849500000008,13688.934328989664,14252.790671010316,13970.86249999999,13450.914768190194,14234.784231809821,13842.849500000008
2021-06-22,14270.42,0.00942122325236272,13862.5081463423,14162.491853657686,14012.499999999993,13662.489258899275,14086.076741100738,13874.283000000007,13712.516292684608,14312.483707315378,14012.499999999993,13450.695517798546,14297.870482201468,13874.283000000007
2021-06-23,14274.24,0.00026768658525822,13899.962782926288,14203.595550407032,14051.77916666666,13681.932695136336,14128.284304863679,13905.108500000008,13748.146399185916,14355.411934147403,14051.77916666666,13458.756890272663,14351.460109727352,13905.108500000008
2021-06-24,14365.96,0.006425561010603653,13941.797617876562,14254.27738212342,14098.037499999991,13698.118296041206,14178.420703958813,13938.26950000001,13785.557735753131,14410.517264246851,14098.037499999991,13457.967092082403,14418.571907917616,13938.26950000001
2021-06-25,14345.18,-0.0014464748614083645,13998.879194629382,14285.569138703933,14142.224166666658,13725.643634138934,14219.628365861085,13972.63600000001,13855.534222592105,14428.91411074121,14142.224166666658,13478.65126827786,14466.62073172216,13972.63600000001
2021-06-28,14524.98,0.012533826693007732,14020.62367341315,14357.929659920164,14189.276666666658,13748.282679606926,14280.836320393091,14014.559500000008,13851.970680159644,14526.582653173671,14189.276666666658,13482.005859213845,14547.113140786172,14014.559500000008
2021-06-29,14572.75,0.003288816920918425,14047.419833108404,14426.87516689158,14237.147499999992,13780.710908376963,14340.224091623053,14060.467500000008,13857.692166216817,14616.602833783167,14237.147499999992,13500.954316753918,14619.980683246098,14060.467500000008
2021-06-30,14554.8,-0.0012317510421849809,14066.029037695269,14479.36596230471,14272.69749999999,13819.280344128758,14389.55565587126,14104.418000000009,13859.360575390547,14686.034424609432,14272.69749999999,13534.142688257505,14674.693311742512,14104.418000000009
2021-07-01,14560.05,0.00036070574655777676,14110.057592274248,14523.610741059061,14316.834166666655,13887.514227897354,14424.35877210266,14155.936500000007,13903.28101788184,14730.38731545147,14316.834166666655,13619.091955794702,14692.781044205312,14155.936500000007
2021-07-02,14727.63,0.011509575859973031,14169.681322845694,14588.090343820948,14378.885833333321,13922.648234602673,14484.910765397342,14203.779500000008,13960.476812358065,14797.294854308577,14378.885833333321,13641.516969205339,14766.042030794677,14203.779500000008
2021-07-06,14786.36,0.00398774276648739,14203.346281952823,14658.183718047158,14430.76499999999,13959.876041809732,14546.029958190278,14252.953000000005,13975.927563905658,14885.602436094323,14430.76499999999,13666.79908361946,14839.10691638055,14252.953000000005
2021-07-07,14814.11,0.0018767296346091644,14276.66554309055,14712.286123576096,14494.475833333323,14003.896042173817,14602.334957826193,14303.115500000005,14058.855252847778,14930.096413818868,14494.475833333323,13704.67658434763,14901.554415652381,14303.115500000005
