date,close,ROI,BBL_12_1.0,BBU_12_1.0,BBM_12_1.0,BBL_20_1.0,BBU_20_1.0,BBM_20_1.0,BBL_12_2.0,BBU_12_2.0,BBM_12_2.0,BBL_20_2.0,BBU_20_2.0,BBM_20_2.0,Entry_signal_long_3,Exit_signal_long_3,Entry_signal_short_3,Exit_signal_short_3
2021-07-07,14814.11,,,,,,,,,,,,,,0,0,0,0
2021-07-06,14786.36,-0.001873214118161659,,,,,,,,,,,,,0,0,0,0
2021-07-02,14727.63,-0.0039719038356973435,,,,,,,,,,,,,0,0,0,0
2021-07-01,14560.05,-0.011378612852169678,,,,,,,,,,,,,0,0,0,0
2021-06-30,14554.8,-0.00036057568483627284,,,,,,,,,,,,,0,0,0,0
2021-06-29,14572.75,0.0012332701239454735,,,,,,,,,,,,,0,0,0,0
2021-06-28,14524.98,-0.003278036060455292,,,,,,,,,,,,,0,0,0,0
2021-06-25,14345.18,-0.012378674531737688,,,,,,,,,,,,,0,0,0,0
2021-06-24,14365.96,0.001448570181761255,,,,,,,,,,,,,0,0,0,0
2021-06-23,14274.24,-0.0063845367799993955,,,,,,,,,,,,,0,0,0,0
2021-06-22,14270.42,-0.0002676149483265,,,,,,,,,,,,,0,0,0,0
2021-06-21,14137.23,-0.009333292222653557,14276.66554309064,14712.286123576023,14494.475833333332,,,,14058.855252847949,14930.096413818716,14494.475833333332,,,,0,0,0,0
2021-06-18,14049.58,-0.0061999415727126425,14203.34628195291,14658.183718047087,14430.765,,,,13975.92756390582,14885.602436094176,14430.765,,,,0,0,0,0
2021-06-17,14163.81,0.008130492157060853,14169.681322845789,14588.090343820879,14378.885833333336,,,,13960.476812358245,14797.294854308422,14378.885833333336,,,,0,0,0,0
2021-06-16,13983.01,-0.012764926951152169,14110.057592274343,14523.610741058992,14316.834166666667,,,,13903.281017882024,14730.387315451311,14316.834166666667,,,,0,0,0,0
2021-06-15,14030.41,0.003389828084225055,14066.029037695369,14479.365962304637,14272.697500000002,,,,13859.36057539073,14686.034424609275,14272.697500000002,,,,0,0,0,0
2021-06-14,14128.2,0.00696986046737047,14047.419833108508,14426.8751668915,14237.147500000005,,,,13857.692166217017,14616.602833782994,14237.147500000005,,,,0,0,0,0
2021-06-11,13998.3,-0.009194377203040838,14020.623673413269,14357.929659920072,14189.27666666667,,,,13851.970680159864,14526.582653173477,14189.27666666667,,,,0,0,0,0
2021-06-10,13960.35,-0.0027110434838515385,13998.879194629517,14285.56913870382,14142.224166666667,,,,13855.534222592361,14428.914110740976,14142.224166666667,,,,0,0,0,0
2021-06-09,13814.94,-0.010415927967421969,13941.797617876688,14254.277382123319,14098.037500000004,14003.896042173741,14602.33495782626,14303.1155,13785.557735753371,14410.517264246635,14098.037500000004,13704.676584347475,14901.554415652525,14303.1155,0,0,0,0
2021-06-08,13810.86,-0.0002953324444405769,13899.962782926415,14203.595550406928,14051.779166666673,13959.876041809655,14546.029958190344,14252.953000000001,13748.146399186164,14355.41193414718,14051.779166666673,13666.799083619311,14839.106916380686,14252.953000000001,0,0,0,0
2021-06-07,13802.89,-0.0005770820933671539,13862.508146342432,14162.49185365758,14012.500000000005,13922.648234602595,14484.910765397404,14203.7795,13712.51629268486,14312.483707315152,14012.500000000005,13641.51696920519,14766.042030794812,14203.7795,0,0,0,0
2021-06-04,13770.77,-0.0023270489006287365,13829.898414494966,14111.826585505041,13970.862500000005,13887.514227897278,14424.358772102725,14155.936500000002,13688.934328989932,14252.790671010072,13970.862500000005,13619.091955794556,14692.781044205449,14155.936500000002,0,0,0,0
2021-06-03,13529.68,-0.017507372499867446,13740.641951057132,14099.82471560954,13920.233333333335,13819.280344128689,14389.555655871316,14104.418,13561.050568780933,14279.41609788574,13920.233333333335,13534.142688257372,14674.693311742632,14104.418,0,0,0,0
2021-06-02,13675.79,0.010799220676320552,13701.719076658457,14076.449256674883,13889.08416666667,13780.710908376897,14340.224091623108,14060.467500000002,13514.353986650243,14263.814346683095,13889.08416666667,13500.954316753792,14619.98068324621,14060.467500000002,0,0,0,0
2021-06-01,13654.59,-0.0015501846694049304,13669.790998918501,14023.50733441484,13846.64916666667,13748.28267960686,14280.836320393148,14014.559500000005,13492.932831170327,14200.365502163013,13846.64916666667,13482.005859213716,14547.113140786289,14014.559500000005,0,0,0,0
2021-05-28,13686.51,0.002337675462976252,13645.153549367642,13998.728117299033,13821.940833333336,13725.643634138867,14219.628365861141,13972.636000000004,13468.366265401946,14175.515401264724,13821.940833333336,13478.65126827773,14466.620731722278,13972.636000000004,0,0,0,0
2021-05-27,13657.85,-0.0020940327373449863,13621.485880003504,13960.302453329836,13790.89416666667,13698.11829604114,14178.420703958867,13938.269500000006,13452.077593340342,14129.710739993001,13790.89416666667,13457.967092082275,14418.571907917732,13938.269500000006,0,0,0,0
2021-05-26,13702.74,0.0032867545038202106,13622.431275208495,13888.44705812484,13755.439166666667,13681.932695136267,14128.284304863735,13905.108500000002,13489.423383750327,14021.45494958301,13755.439166666667,13458.756890272532,14351.460109727474,13905.108500000002,1,0,0,0
2021-05-25,13657.73,-0.0032847445109518425,13616.070157236374,13838.046509430298,13727.058333333334,13662.489258899206,14086.076741100796,13874.283,13505.081981139412,13949.034685527258,13727.058333333334,13450.695517798413,14297.870482201592,13874.283,0,0,0,0
2021-05-24,13641.75,-0.0011700333803640328,13615.283599638653,13785.73306702802,13700.508333333335,13646.882134095029,14038.816865904973,13842.849500000002,13530.058865943967,13870.957800722705,13700.508333333335,13450.91476819006,14234.784231809945,13842.849500000002,0,0,0,0
2021-05-21,13411.74,-0.016860740007697,13555.454783462617,13778.361883204052,13666.908333333335,13601.05387844492,14012.096121555083,13806.575000000004,13444.0012335919,13889.815433074771,13666.908333333335,13395.532756889841,14217.617243110166,13806.575000000004,0,0,0,0
2021-05-20,13494.09,0.006140142889736966,13528.738748067408,13752.28291859926,13640.510833333336,13570.334084063488,13987.266915936518,13778.800500000005,13416.966662801482,13864.055003865184,13640.510833333336,13361.867668126974,14195.733331873034,13778.800500000005,0,0,0,0
2021-05-19,13237.91,-0.018984607335507664,13443.719378715683,13743.138954617654,13593.429166666667,13511.601572049543,13953.40942795046,13732.505500000005,13294.009590764696,13892.84874256864,13593.429166666667,13290.697644099084,14174.313355900922,13732.505500000005,0,0,0,0
2021-05-18,13217.68,-0.0015281868512476706,13373.926445105384,13720.750221561286,13547.338333333335,13453.60621000663,13934.87178999337,13694.239,13200.514556877431,13894.162109789238,13547.338333333335,13212.973420013257,14175.504579986746,13694.239,0,0,0,0
2021-05-17,13312.91,0.007204743949013714,13343.0393271149,13715.50900621844,13529.27416666667,13417.00390591912,13899.724094080879,13658.364,13156.804487563126,13901.743845770216,13529.27416666667,13175.643811838245,14141.08418816176,13658.364,0,0,0,0
2021-05-14,13393.12,0.0060249787612176595,13321.838404534275,13689.598262132395,13505.718333333334,13400.437218339684,13842.782781660315,13621.61,13137.95847573522,13873.478190931453,13505.718333333334,13179.264436679368,14063.955563320633,13621.61,0,0,0,0
2021-05-13,13109.15,-0.021202677195455655,13250.884590631631,13669.645409368371,13460.265,13346.521660667295,13807.78333933271,13577.152500000002,13041.504181263257,13879.025818736747,13460.265,13115.890821334588,14038.414178665415,13577.152500000002,0,0,0,0
2021-05-12,13001.63,-0.008201904776434787,13169.192328523352,13637.191004809983,13403.191666666668,13283.297202256035,13775.135797743973,13529.216500000004,12935.192990380041,13871.190342953296,13403.191666666668,13037.377904512065,14021.055095487942,13529.216500000004,0,0,0,0
2021-05-11,13351.27,0.02689201277070663,13157.65883440286,13597.627832263805,13377.643333333332,13266.699796459763,13745.366203540245,13506.033000000005,12937.674335472393,13817.612331194276,13377.643333333332,13027.366592919523,13984.699407080483,13506.033000000005,1,0,0,0
2021-05-10,13359.08,0.0005849630784187099,13154.269775913566,13543.740224086434,13349.005,13253.249838260532,13713.638161739482,13483.444000000007,12959.534551827132,13738.475448172863,13349.005,13023.05567652106,13943.832323478955,13483.444000000007,0,0,0,0
2021-05-07,13719.63,0.02698913398228009,13149.919195403301,13558.407471263365,13354.163333333332,13254.478260952748,13704.083739047262,13479.281000000004,12945.675057473272,13762.651609193392,13354.163333333332,13029.67552190549,13928.886478094522,13479.281000000004,0,1,0,0
2021-05-06,13613.73,-0.007718867053994827,13151.039959084905,13552.616707581761,13351.828333333333,13254.747475688662,13688.110524311345,13471.429000000006,12950.251584836476,13753.405081830188,13351.828333333333,13038.065951377319,13904.792048622689,13471.429000000006,0,0,0,0
2021-05-05,13503.37,-0.008106521871669159,13154.49155628097,13564.436777052364,13359.464166666667,13253.724569665505,13686.5024303345,13470.113500000005,12949.518945895274,13769.40938743806,13359.464166666667,13037.335639331013,13902.891360668997,13470.113500000005,0,0,0,0
2021-05-04,13544.67,0.0030584957680934717,13155.196472357264,13572.161860976074,13363.679166666667,13251.791064538316,13675.323935461693,13463.557500000004,12946.713778047859,13780.644555285478,13363.679166666667,13040.024629076628,13887.090370923379,13463.557500000004,0,0,0,0
2021-05-03,13799.72,0.018830285270885042,13171.916289993884,13649.077043339454,13410.496666666668,13249.869363557695,13691.75863644231,13470.814000000002,12933.335913321102,13887.657420012234,13410.496666666668,13028.924727115389,13912.703272884617,13470.814000000002,0,0,0,0
2021-04-30,13860.76,0.004423278153469878,13201.715884156221,13726.45744917712,13464.08666666667,13246.522199107369,13712.530800892637,13479.526500000002,12939.345101645771,13988.82823168757,13464.08666666667,13013.517898214732,13945.535101785272,13479.526500000002,0,0,0,0
2021-04-29,13970.21,0.007896392405611241,13224.285617037463,13813.437716295874,13518.86166666667,13240.129364381612,13750.159635618396,13495.144500000006,12929.709567408265,14108.013765925076,13518.86166666667,12985.114228763225,14005.174771236785,13495.144500000006,0,0,0,0
2021-04-28,13901.62,-0.004909732924558653,13250.274694910016,13872.19863842332,13561.23666666667,13237.962426250977,13772.214573749034,13505.088500000005,12939.312723153369,14183.160610179973,13561.23666666667,12970.836352501949,14039.340647498058,13505.088500000005,0,0,0,0
2021-04-27,13960.28,0.0042196520981008226,13337.028522768409,13927.29981056493,13632.16416666667,13235.972452160457,13804.459547839555,13520.216000000004,13041.892878870149,14222.435454463188,13632.16416666667,12951.728904320908,14088.703095679102,13520.216000000004,0,0,0,0
2021-04-26,14026.16,0.004719103055239593,13478.53936493438,13956.54396839896,13717.54166666667,13234.31238712867,13844.56061287134,13539.436500000005,13239.537063202093,14195.546270131248,13717.54166666667,12929.188274257334,14149.684725742676,13539.436500000005,0,0,0,0
2021-04-23,13941.44,-0.006040142134411619,13550.285740387957,13983.15925961205,13766.722500000005,13249.678332879741,13882.16466712027,13565.921500000004,13333.848980775909,14199.5960192241,13766.722500000005,12933.435165759474,14198.407834240537,13565.921500000004,0,0,0,0
2021-04-22,13762.36,-0.012845158032455785,13625.663952590332,13974.994380743008,13800.32916666667,13260.619241921802,13898.050758078203,13579.335000000005,13450.998738513994,14149.659594819346,13800.32916666667,12941.903483843602,14216.766516156404,13579.335000000005,0,0,1,0
2021-04-21,13935.15,0.012555259417716071,13641.607411295437,13994.970922037903,13818.28916666667,13296.661999258697,13931.732000741316,13614.197000000006,13464.925655924199,14171.652677409138,13818.28916666667,12979.126998517388,14249.267001482625,13614.197000000006,0,0,0,0
2021-04-20,13809.3,-0.009031119148340759,13669.874819141509,13999.298514191829,13834.586666666668,13337.778361599818,13949.777638400195,13643.778000000006,13505.162971616348,14164.010361716988,13834.586666666668,13031.778723199626,14255.777276800383,13643.778000000006,0,0,0,0
2021-04-19,13907.67,0.007123460276770022,13740.199851581408,13996.356815085264,13868.278333333335,13372.503832324983,13974.52816767503,13673.516000000007,13612.121369829478,14124.435296837193,13868.278333333335,13071.49166464996,14275.540335350051,13673.516000000007,0,0,0,0
2021-04-16,14041.91,0.00965222787138309,13821.672290064836,13997.757709935171,13909.715000000002,13401.808377022457,14010.102622977556,13705.955500000005,13733.629580129666,14085.800419870337,13909.715000000002,13097.661254044904,14314.249745955107,13705.955500000005,0,0,0,0
2021-04-15,14026.19,-0.0011195058222136511,13842.005863785696,14015.169136214308,13928.5875,13474.420331096388,14029.194668903623,13751.807500000004,13755.424227571391,14101.750772428612,13928.5875,13197.033162192769,14306.581837807242,13751.807500000004,0,0,0,0
2021-04-14,13803.91,-0.0158474967186385,13831.834803922984,14015.865196077017,13923.85,13577.97427125632,14005.868728743684,13791.921500000002,13739.819607845966,14107.880392154033,13923.85,13364.027042512636,14219.815957487368,13791.921500000002,0,0,0,0
2021-04-13,13986.49,0.013226687221229437,13832.329821099942,14018.083512233392,13925.206666666667,13632.673702823848,14014.691297176154,13823.6825,13739.45297553322,14110.960357800117,13925.206666666667,13441.664905647693,14205.700094352307,13823.6825,0,0,0,0
2021-04-12,13819.35,-0.011950103278234871,13820.662801828736,14016.038864837934,13918.350833333336,13689.957243955703,14003.434756044297,13846.696000000002,13722.974770324141,14113.726896342532,13918.350833333336,13533.218487911408,14160.173512088591,13846.696000000002,0,0,0,0
2021-04-09,13845.05,0.001859711202046421,13809.899997914106,14007.596668752563,13908.748333333335,13699.096899724003,14006.837100275994,13852.967,13711.051662494878,14106.445004171792,13908.748333333335,13545.226799448008,14160.70720055199,13852.967,0,0,0,0
2021-04-08,13758.5,-0.006251331703388541,13786.307138139593,13986.579528527076,13886.443333333335,13715.022149190183,14005.388850809817,13860.2055,13686.17094294585,14086.715723720818,13886.443333333335,13569.838798380371,14150.57220161963,13860.2055,0,0,0,0
2021-04-07,13616.7,-0.010306356070792557,13734.609634410503,13984.153698922832,13859.381666666668,13733.72234963904,13998.021650360959,13865.872,13609.83760215434,14108.925731178997,13859.381666666668,13601.572699278078,14130.171300721919,13865.872,0,0,0,1
2021-04-06,13578.46,-0.002808316258711807,13696.983966070648,13991.129367262683,13844.056666666665,13739.584339937632,13995.538660062373,13867.561500000002,13549.91126547463,14138.202067858701,13844.056666666665,13611.607179875264,14123.515820124741,13867.561500000002,0,0,0,0
2021-04-05,13598.16,0.001450827266125998,13656.247745589404,13975.700587743931,13815.974166666667,13716.597526349986,13998.369473650017,13857.483500000002,13496.521324512141,14135.42700882119,13815.974166666667,13575.711552699968,14139.255447300036,13857.483500000002,0,0,0,0
2021-04-01,13329.51,-0.01975634938844661,13563.205503675264,13988.777829658076,13775.991666666667,13647.135907113325,14014.70609288668,13830.921000000002,13350.419340683855,14201.563992649482,13775.991666666667,13463.350814226644,14198.491185773362,13830.921000000002,0,0,0,0
2021-03-31,13091.44,-0.01786037146151653,13422.919079292908,13993.025920707098,13707.972500000002,13543.047528599087,14030.917471400915,13786.982500000002,13137.865658585813,14278.079341414192,13707.972500000002,13299.112557198174,14274.852442801832,13786.982500000002,0,0,0,0
2021-03-30,12896.53,-0.014888354527844094,13264.620046634149,13960.428286699187,13612.524166666668,13423.860553869192,14049.595446130814,13736.728000000005,12916.715926601628,14308.33240673171,13612.524166666668,13110.993107738379,14362.462892261628,13736.728000000005,0,0,0,0
2021-03-29,12965.74,0.005366559842066021,13156.741311648166,13891.565355018502,13524.153333333335,13334.95239039437,14039.04960960563,13687.001,12789.329289962996,14258.977376703671,13524.153333333335,12982.903780788738,14391.098219211262,13687.001,0,0,0,0
2021-03-26,12979.12,0.0010319503553211096,13068.472963495591,13842.368703171069,13455.420833333332,13258.65359886772,14010.644401132282,13634.649,12681.525093657854,14229.31657300881,13455.420833333332,12882.658197735436,14386.639802264563,13634.649,0,0,0,0
2021-03-25,12780.51,-0.015302270107680703,12961.882323147243,13747.96267685276,13354.9225,13162.755141782098,13990.44985821791,13576.602500000005,12568.842146294484,14141.002853705515,13354.9225,12748.90778356419,14404.297216435816,13576.602500000005,0,0,0,0
2021-03-24,12798.88,0.0014373448320919024,12876.06786807228,13663.698798594385,13269.883333333333,13082.508113262473,13974.348886737534,13528.428500000005,12482.252402811233,14057.514263855437,13269.883333333333,12636.587726524942,14420.269273475069,13528.428500000005,0,0,0,0
2021-03-23,13017.79,0.01710384033602952,12846.531110458423,13555.35888954158,13200.945000000003,13033.508477137872,13931.61252286213,13482.5605,12492.117220916849,13909.772779083156,13200.945000000003,12584.456454275745,14380.66454572426,13482.5605,0,0,0,0
2021-03-22,13086.51,0.005278929833712143,12836.533746656565,13453.35792001011,13144.945833333335,12995.966101622129,13896.875898377875,13446.421000000002,12528.12165997979,13761.770006686886,13144.945833333335,12545.511203244252,14347.330796755752,13446.421000000002,1,0,0,0
2021-03-19,12866.99,-0.016774525828505915,12803.809753658878,13361.130246341123,13082.47,12939.92829394817,13848.845706051834,13394.387000000002,12525.149507317752,13639.79049268225,13082.47,12485.469587896341,14303.304412103667,13394.387000000002,0,0,0,0
2021-03-18,12789.14,-0.006050366091836622,12775.054152271514,13258.33251439516,13016.693333333335,12884.965386689168,13778.531613310844,13331.748500000005,12533.41497120969,13499.971695456985,13016.693333333335,12438.18227337833,14225.314726621682,13331.748500000005,0,0,0,0
2021-03-17,13202.38,0.032311789533932656,12811.6633114748,13155.76002185854,12983.71166666667,12874.230578085615,13706.885421914394,13290.558000000005,12639.61495628293,13327.808377050407,12983.71166666667,12457.903156171227,14123.212843828782,13290.558000000005,0,0,0,0
2021-03-16,13152.28,-0.0037947703368633725,12823.769168481862,13114.115831518144,12968.942500000005,12858.793032811593,13657.159967188423,13257.976500000008,12678.595836963721,13259.289163036285,12968.942500000005,12459.609565623176,14056.34343437684,13257.976500000008,0,0,0,0
2021-03-15,13082.54,-0.005302502683945276,12823.68898679425,13112.712679872422,12968.200833333334,12851.000415869084,13574.557584130927,13212.779000000004,12679.17714025516,13257.224526411508,12968.200833333334,12489.22183173816,13936.33616826185,13212.779000000004,0,0,0,0
2021-03-12,12937.29,-0.011102584054778377,12828.450806384097,13114.744193615914,12971.597500000005,12831.828740089142,13505.523259910871,13168.676000000007,12685.304112768184,13257.89088723182,12971.597500000005,12494.98148017828,13842.370519821736,13168.676000000007,0,0,0,0
2021-03-11,13052.9,0.008936183698440514,12833.839377587989,13123.882289078689,12978.860833333338,12831.6760898347,13426.460910165315,13129.068500000007,12688.81792184264,13268.903744824038,12978.860833333338,12534.283679669394,13723.853320330625,13129.068500000007,0,0,0,0
2021-03-10,12752.07,-0.02304698572730968,12800.82840719916,13119.051592800846,12959.940000000004,12809.664596712595,13347.829403287422,13078.747000000007,12641.716814398318,13278.16318560169,12959.940000000004,12540.582193425184,13616.911806574832,13078.747000000007,0,0,0,1
2021-03-09,12794.49,0.003326518753425933,12803.38148486273,13118.828515137275,12961.105000000005,12793.407465662558,13281.865534337456,13037.636500000008,12645.657969725456,13276.55203027455,12961.105000000005,12549.178431325112,13526.094568674906,13037.636500000008,0,0,0,0
2021-03-08,12299.08,-0.03872057424719544,12673.619271496034,13165.290728503967,12919.455000000002,12711.646650149165,13235.688349850854,12973.667500000007,12427.783542992072,13411.126457007933,12919.455000000002,12449.625800298318,13497.7091997017,12973.667500000007,0,0,0,0
2021-03-05,12668.51,0.030037206034922995,12636.66196580508,13144.034700861592,12890.348333333335,12701.894386452504,13152.475613547513,12927.185000000007,12382.975598276826,13397.721068389843,12890.348333333335,12476.603772905,13377.766227095017,12927.185000000007,0,0,0,0
2021-03-04,12464.0,-0.016143177058707048,12565.621428296905,13111.323571703098,12838.472500000002,12656.848076465296,13110.970923534722,12883.909500000007,12292.770356593808,13384.174643406197,12838.472500000002,12429.786652930583,13338.032347069431,12883.909500000007,0,0,0,0
2021-03-03,12683.33,0.017597079589216857,12546.931465910442,13099.40353408956,12823.1675,12637.74021451667,13089.26778548335,12863.50400000001,12270.695431820885,13375.639568179122,12823.1675,12411.97642903333,13315.03157096669,12863.50400000001,0,0,0,0
2021-03-02,13059.95,0.029694094531956594,12561.582929846165,13129.887070153836,12845.735,12641.73433725375,13101.61566274627,12871.67500000001,12277.43085969233,13414.03914030767,12845.735,12411.793674507493,13331.556325492527,12871.67500000001,0,0,0,0
2021-03-01,13282.95,0.01707510365659903,12558.326939678776,13146.571393654558,12852.449166666667,12640.463248528735,13134.607751471282,12887.535500000007,12264.204712690886,13440.693620642449,12852.449166666667,12393.390997057464,13381.680002942554,12887.535500000007,0,1,0,0
2021-02-26,12909.44,-0.02811950658550999,12552.598824494797,13111.826175505204,12832.2125,12637.848911953564,13130.254088046455,12884.05150000001,12272.985148989597,13391.439851010406,12832.2125,12391.64632390712,13376.456676092903,12884.05150000001,0,0,0,0
2021-02-25,12828.31,-0.006284548361509157,12542.700680958902,13079.352652374431,12811.026666666667,12641.06631965532,13131.8166803447,12886.44150000001,12274.374695251141,13347.678638082194,12811.026666666667,12395.691139310633,13377.191860689387,12886.44150000001,0,0,0,0
2021-02-24,13302.19,0.03694017372514402,12538.991891826245,13143.878108173754,12841.435,12650.386750662043,13172.827249337975,12911.607000000007,12236.548783652494,13446.321216347507,12841.435,12389.166501324074,13434.047498675945,12911.607000000007,0,0,0,0
2021-02-23,13194.71,-0.008079872562337553,12539.246114682062,13167.258885317939,12853.2525,12652.537872097671,13188.368127902351,12920.45300000001,12225.239729364124,13481.265270635877,12853.2525,12384.622744195332,13456.283255804687,12920.45300000001,0,0,0,0
2021-02-22,13223.74,0.0022001241406595096,12563.222387531856,13221.894279134807,12892.558333333332,12653.236305923692,13201.392694076332,12927.314500000011,12233.886441730381,13551.230224936287,12892.558333333332,12379.158111847371,13475.470888152651,12927.314500000011,0,0,0,0
2021-02-19,13580.78,0.026999925890859974,12576.03127965658,13340.133720343416,12958.0825,12653.066690627564,13272.941309372458,12963.004000000012,12193.980059313166,13722.184940686831,12958.0825,12343.129381255118,13582.878618744908,12963.004000000012,0,0,0,0
2021-02-18,13637.51,0.004177226933946399,12702.362042841194,13436.874623825472,13069.618333333336,12664.070339677919,13346.774660322104,13005.422500000011,12335.105752349054,13804.130914317613,13069.618333333336,12322.718179355825,13688.1268206442,13005.422500000011,0,0,0,0
2021-02-17,13699.71,0.004560949909477641,12770.470545110733,13540.6327882226,13155.551666666664,12657.195201353608,13403.382798646417,13030.289000000012,12385.3894235548,13925.713909778533,13155.551666666664,12284.101402707207,13776.47659729282,13030.289000000012,0,0,0,0
2021-02-16,13773.77,0.0054059538486581635,12908.947178121587,13620.451155211744,13264.699166666665,12653.329034772625,13469.397965227405,13061.363500000014,12553.195189576509,13976.203143756822,13264.699166666665,12245.294569545229,13877.432430454795,13061.363500000014,0,0,0,0
2021-02-12,13807.7,0.0024633778551550467,13022.152249360315,13694.641083973018,13358.396666666667,12656.711720038127,13538.531279961897,13097.621500000012,12685.907832053965,14030.88550127937,13358.396666666667,12215.801940076246,13979.441059923776,13097.621500000012,0,0,0,0
2021-02-11,13734.35,-0.005312253307936943,13076.41535356181,13752.777979771523,13414.596666666665,12676.264477747642,13598.68452225239,13137.474500000017,12738.234040456953,14090.959292876381,13414.596666666665,12215.054455495263,14059.894544504763,13137.474500000017,0,0,0,0
2021-02-10,13655.27,-0.005757826180343485,13103.560929953403,13787.68573671326,13445.623333333333,12692.730368294266,13642.455631705765,13167.593000000012,12761.498526573474,14129.748140093188,13445.623333333333,12217.867736588512,14117.318263411516,13167.593000000012,0,0,0,0
2021-02-09,13687.08,0.00232950355430539,13207.788470335168,13813.064862998159,13510.426666666664,12736.525484904048,13692.161515095979,13214.343500000015,12905.150274003674,14115.703059329655,13510.426666666664,12258.707469808081,14169.979530191946,13214.343500000015,0,0,1,0
2021-02-08,13695.02,0.0005801091248096579,13366.554593648409,13798.750406351584,13582.652499999995,12780.769173159299,13737.970826840732,13259.370000000017,13150.45668729682,14014.848312703172,13582.652499999995,12302.168346318582,14216.571653681447,13259.370000000017,0,0,0,0
2021-02-05,13603.96,-0.006649132312329664,13410.572076704973,13805.027923295018,13607.799999999996,12897.656213914628,13751.571786085402,13324.614000000018,13213.344153409951,14002.255846590042,13607.799999999996,12470.698427829244,14178.529572170792,13324.614000000018,0,0,0,0
2021-02-04,13560.89,-0.003165989902940036,13488.081663819255,13788.548336180735,13638.314999999995,12968.634575467564,13769.831424532471,13369.233000000017,13337.848327638516,13938.781672361474,13638.314999999995,12568.036150935111,14170.429849064922,13369.233000000017,0,0,0,0
2021-02-03,13402.37,-0.011689498255645359,13544.736694185607,13761.664972481047,13653.200833333327,13076.900993220359,13755.402006779674,13416.151500000016,13436.272555037891,13870.129111628767,13653.200833333327,12737.650486440709,14094.652513559326,13416.151500000016,0,0,0,0
2021-02-02,13456.12,0.004010484712778428,13521.56510736638,13764.059892633608,13642.812499999995,13162.662952050256,13746.919047949776,13454.791000000017,13400.317714732768,13885.30728526722,13642.812499999995,12870.534904100494,14039.047095899536,13454.791000000017,0,0,0,0
2021-02-01,13248.9,-0.015399684307214943,13444.114183012425,13776.74248365423,13610.428333333328,13182.687932881086,13745.789067118943,13464.238500000018,13277.80003269152,13943.056633975137,13610.428333333328,12901.137365762155,14027.339634237876,13464.238500000018,0,0,0,0
2021-01-29,12925.38,-0.0244186309806852,13290.839559680471,13800.962106986184,13545.900833333328,13142.243171462049,13750.476828537981,13446.360000000017,13035.778286027613,14056.023380639042,13545.900833333328,12838.126342924084,14054.593657075944,13446.360000000017,0,0,0,1
2021-01-28,13201.53,0.021364942462039904,13236.229177143221,13760.199156190107,13498.214166666665,13177.689788930871,13744.23921106916,13460.964500000016,12974.244187619775,14022.184145713547,13498.214166666665,12894.415077861728,14027.513922138303,13460.964500000016,0,0,0,0
2021-01-27,13112.65,-0.006732552969239247,13176.127777037043,13704.458889629612,13440.293333333328,13219.542415448665,13730.820584551371,13475.181500000017,12911.96222074076,13968.624445925896,13440.293333333328,12963.90333089731,13986.459669102725,13475.181500000017,0,0,0,0
2021-01-26,13490.19,0.028792044323611158,13171.557242856798,13668.336090476529,13419.94666666666,13232.202557111723,13736.960442888312,13484.581500000017,12923.167819046928,13916.725514286394,13419.94666666666,12979.823614223433,13989.339385776604,13484.581500000017,0,0,0,0
2021-01-25,13483.29,-0.000511482788604134,13167.27969168228,13643.950308317713,13405.614999999994,13256.000889393566,13742.02011060646,13499.010500000017,12928.944383364566,13882.285616635427,13405.614999999994,13012.991278787122,13985.029721212908,13499.010500000017,0,0,0,0
2021-01-22,13366.4,-0.008669249122432388,13157.617147210407,13600.16618612292,13378.891666666665,13269.632250812243,13742.654749187788,13506.143500000017,12936.342627754153,13821.440705579174,13378.891666666665,13033.121001624473,13979.16599837556,13506.143500000017,0,0,0,0
2021-01-21,13404.99,0.002887090016758353,13156.47546424894,13552.969535751055,13354.722499999994,13260.496262764324,13734.211737235708,13497.354000000018,12958.228428497881,13751.216571502111,13354.722499999994,13023.63852552863,13971.069474471402,13497.354000000018,0,0,0,0
2021-01-20,13296.45,-0.008096984779548455,13146.759089662173,13511.434243671154,13329.096666666665,13241.79327279651,13718.80872720352,13480.301000000018,12964.421512657684,13693.771820675647,13329.096666666665,13003.285545593013,13957.316454407022,13480.301000000018,0,0,0,0
2021-01-19,12996.54,-0.022555644551741198,13092.320829451925,13471.814170548076,13282.0675,13189.47054980902,13700.814450191003,13445.142500000013,12902.574158903848,13661.56084109615,13282.0675,12933.798599618032,13956.486400381993,13445.142500000013,0,0,0,1
2021-01-15,12803.93,-0.014820098272309457,13002.505935381692,13461.889064618308,13232.1975,13115.850633894292,13677.450366105732,13396.650500000012,12772.814370763384,13691.580629236616,13232.1975,12835.050767788576,13958.250232211447,13396.650500000012,0,0,0,0
2021-01-14,12898.69,0.00740085270694224,12949.191659311487,13422.298340688512,13185.745,13066.890056045237,13635.509943954788,13351.200000000012,12712.63831862297,13658.85168137703,13185.745,12782.580112090462,13919.819887909563,13351.200000000012,0,0,0,0
2021-01-13,12973.63,0.005809892322398591,12919.678095173193,13405.933571493471,13162.805833333336,13031.941932205318,13594.386067794707,13313.164000000012,12676.550357013057,13649.06130965361,13162.805833333336,12750.719864410625,13875.608135589404,13313.164000000012,0,0,0,0
2021-01-12,12892.09,-0.006285056688066447,12913.778701429974,13406.284631903365,13160.031666666668,12990.883473971773,13559.126526028256,13275.005000000014,12667.525736193276,13652.53759714006,13160.031666666668,12706.761947943527,13843.248052056499,13275.005000000014,0,0,0,0
2021-01-11,12902.49,0.0008066961989872112,12878.525818306367,13391.697515026963,13135.111666666666,12957.438489610891,13514.112510389134,13235.775500000012,12621.93996994607,13648.283363387261,13135.111666666666,12679.101479221772,13792.449520778251,13235.775500000012,0,0,0,0
2021-01-08,13105.2,0.01571092091526527,12877.836692249284,13391.144974417386,13134.490833333335,12948.69359581127,13463.875404188755,13206.284500000012,12621.182551165231,13647.799115501435,13134.490833333335,12691.102691622527,13721.466308377498,13206.284500000012,1,0,0,0
2021-01-07,12939.57,-0.012638494643347764,12852.965146753206,13324.246519913464,13088.605833333335,12926.869899563526,13419.260100436497,13173.065000000011,12617.324460173077,13559.887206493591,13088.605833333335,12680.67479912704,13665.455200872979,13173.065000000011,0,0,0,0
2021-01-06,12623.35,-0.02443821548938641,12781.484359192887,13252.403974140449,13016.944166666668,12868.724889702256,13383.651110297764,13126.18800000001,12546.024551719109,13487.863781614229,13016.944166666668,12611.261779404502,13641.114220595515,13126.18800000001,0,0,0,0
2021-01-05,12802.38,0.014182447607013815,12755.198878563391,13184.68612143661,12969.942500000005,12837.64668480781,13354.730315192208,13096.18850000001,12540.45525712678,13399.429742873224,12969.942500000005,12579.104869615612,13613.272130384406,13096.18850000001,0,0,0,0
2021-01-04,12694.66,-0.008414060510623766,12731.931568925425,13089.56509774125,12910.748333333335,12799.300699429305,13316.930300570715,13058.115500000007,12553.114804517507,13268.381862149165,12910.748333333335,12540.485898858597,13575.745101141423,13058.115500000007,0,0,0,0
2020-12-31,12888.28,0.015252082371642885,12745.451932359516,13008.01640097382,12876.734166666667,12782.702953275202,13297.466046724818,13040.08450000001,12614.169698052363,13139.298635280977,12876.734166666667,12525.321406550393,13554.847593449624,13040.08450000001,0,0,0,0
2020-12-30,12845.36,-0.003330157321225213,12738.2529295582,12990.018737108468,12864.135833333336,12776.215081893479,13295.951918106543,13036.083500000012,12612.370025783066,13115.901640883603,12864.135833333336,12516.346663786948,13555.820336213075,13036.083500000012,0,0,0,0
2020-12-29,12843.49,-0.00014557785846414098,12742.757412445193,12992.107587554812,12867.432500000004,12757.978099838701,13278.384900161322,13018.18150000001,12618.082324890383,13116.78267510962,12867.432500000004,12497.774699677393,13538.588300322626,13018.18150000001,0,0,0,0
2020-12-28,12838.86,-0.00036049391559456184,12737.939015909975,12986.954317423364,12862.44666666667,12742.32549662762,13266.658503372402,13004.492000000013,12613.431365153283,13111.461968180058,12862.44666666667,12480.158993255227,13528.825006744795,13004.492000000013,0,0,0,0
2020-12-24,12711.01,-0.009958049234900956,12714.305218490583,12966.818114842756,12840.56166666667,12722.117901019774,13208.948098980249,12965.53300000001,12588.048770314495,13093.074563018848,12840.56166666667,12478.702802039536,13452.363197960483,12965.53300000001,0,0,0,0
2020-12-23,12653.14,-0.00455274600523492,12684.781176627055,12956.517156706286,12820.649166666672,12703.878787903092,13144.172212096928,12924.02550000001,12548.913186587444,13092.3851467459,12820.649166666672,12483.732075806174,13364.318924193847,12924.02550000001,0,0,0,0
2020-12-22,12717.56,0.005091226367526236,12669.009666357404,12941.467000309274,12805.23833333334,12693.339888666755,13089.827111333268,12891.583500000012,12532.780999381464,13077.695667285216,12805.23833333334,12495.096277333498,13288.070722666524,12891.583500000012,0,0,0,0
2020-12-21,12690.26,-0.002146638191602768,12669.289469586365,12872.030530413647,12770.660000000005,12693.931975499741,13017.762024500284,12855.847000000012,12567.918939172725,12973.401060827287,12770.660000000005,12532.016950999463,13179.677049000558,12855.847000000012,0,0,0,0
2020-12-18,12738.18,0.0037761243662461923,12667.442888127649,12840.312111872357,12753.877500000004,12701.808191037986,12954.058808962034,12827.93350000001,12581.008276255296,12926.746723744713,12753.877500000004,12575.682882075964,13080.184117924055,12827.93350000001,0,0,0,0
2020-12-17,12752.06,0.0010896376091402704,12688.466067062933,12840.740599603745,12764.603333333338,12695.056803497208,12936.362196502812,12815.70950000001,12612.328800792524,12916.877865874152,12764.603333333338,12574.404106994409,13057.014893005613,12815.70950000001,0,0,0,0
2020-12-16,12668.16,-0.006579329143683421,12673.566933979491,12833.26973268718,12753.418333333335,12683.832649332942,12934.00935066708,12808.921000000013,12593.71553462565,12913.121132041022,12753.418333333335,12558.744298665872,13059.097701334147,12808.921000000013,0,0,0,0
2020-12-15,12595.92,-0.0057024856016975045,12654.395815464684,12835.984184535324,12745.190000000004,12661.988745061602,12925.576254938418,12793.78250000001,12563.601630929363,12926.778369070644,12745.190000000004,12530.194990123196,13057.370009876826,12793.78250000001,0,0,0,0
2020-12-14,12462.21,-0.010615342110778858,12598.838497832832,12820.52983550051,12709.684166666673,12624.109934638242,12912.313065361779,12768.21150000001,12487.992828998991,12931.37550433435,12709.684166666673,12480.008369276477,13056.414630723544,12768.21150000001,0,0,0,0
2020-12-11,12375.41,-0.006965056759595578,12532.325082323136,12808.718251010212,12670.521666666673,12576.921322597158,12907.83367740286,12742.37750000001,12394.128497979596,12946.914835353753,12670.521666666673,12411.465145194306,13073.289854805713,12742.37750000001,0,0,0,0
2020-12-10,12401.74,0.0021276062772870308,12487.190513404485,12780.227819928865,12633.709166666673,12539.931824819085,12894.74817518094,12717.340000000013,12340.671860142293,12926.746473191053,12633.709166666673,12362.523649638157,13072.156350361864,12717.340000000013,0,0,0,0
2020-12-09,12364.64,-0.0029915157066670033,12444.125441135193,12744.256225531492,12594.19083333334,12511.01935295611,12849.60464704391,12680.312000000009,12294.060048937046,12894.321617729636,12594.19083333334,12341.726705912208,13018.897294087816,12680.312000000009,0,0,0,0
2020-12-08,12635.72,0.021923808537895214,12441.65369886042,12734.179634472925,12587.916666666672,12507.05597158343,12823.183028416592,12665.11950000001,12295.390731054167,12880.44260227918,12587.916666666672,12348.992443166848,12981.246556833172,12665.11950000001,0,0,0,0
2020-12-07,12596.47,-0.0031062733267277487,12438.320282486668,12728.06805084668,12583.194166666672,12505.224588818292,12822.32641118172,12663.775500000007,12293.44639830666,12872.941935026687,12583.194166666672,12346.67367763658,12980.877322363434,12663.775500000007,0,0,0,0
2020-12-04,12528.48,-0.00539754391508096,12428.338758804228,12706.536241195789,12567.437500000007,12492.304502610225,12807.85649738979,12650.080500000007,12289.240017608447,12845.634982391564,12567.437500000007,12334.52850522044,12965.632494779575,12650.080500000007,0,0,0,0
2020-12-03,12467.13,-0.0048968430328339965,12412.775045174776,12684.911621491905,12548.84333333334,12476.179977438891,12801.228022561123,12638.704000000007,12276.706757016213,12820.979909650463,12548.84333333334,12313.65595487778,12963.75204512224,12638.704000000007,0,0,0,0
2020-12-02,12456.41,-0.0008598610907241122,12401.141391112837,12649.583608887182,12525.362500000007,12460.924976360826,12773.29602363919,12617.110500000008,12276.92028222566,12773.804717774356,12525.362500000007,12304.739452721644,12929.481547278372,12617.110500000008,0,0,0,0
2020-12-01,12455.33,-8.670234842944602e-05,12397.981511240381,12603.288488759634,12500.635000000007,12447.17920102397,12748.038798976046,12597.609000000008,12295.328022480757,12705.941977519258,12500.635000000007,12296.749402047932,12898.468597952085,12597.609000000008,0,0,0,0
2020-11-30,12268.32,-0.015014455658742043,12359.233342696689,12575.396657303325,12467.315000000008,12413.018924776792,12724.682075223227,12568.85050000001,12251.151685393374,12683.478314606644,12467.315000000008,12257.187349553571,12880.513650446444,12568.85050000001,0,0,0,0
2020-11-27,12258.21,-0.0008240737118041519,12323.894282225967,12554.450717774043,12439.172500000004,12382.853239301876,12696.782760698145,12539.81800000001,12208.61606445193,12669.728935548084,12439.172500000004,12225.888478603743,12853.747521396279,12539.81800000001,0,0,0,0
2020-11-25,12152.22,-0.008646450011869589,12271.9241282536,12554.755871746409,12413.340000000006,12338.152463189112,12685.604536810908,12511.87850000001,12130.508256507199,12696.171743492812,12413.340000000006,12164.426426378213,12859.330573621806,12511.87850000001,0,0,0,0
2020-11-24,12079.81,-0.005958582053320338,12217.479836975652,12559.933496357693,12388.706666666672,12288.043113038322,12678.380886961697,12483.212000000007,12046.253007284631,12731.160326048712,12388.706666666672,12092.874226076638,12873.54977392338,12483.212000000007,0,0,0,0
2020-11-23,11905.94,-0.014393438307390484,12126.87121444695,12567.908785553063,12347.390000000007,12216.785848113823,12668.47615188619,12442.631000000007,11906.352428893892,12788.42757110612,12347.390000000007,11990.940696227639,12894.321303772378,12442.631000000007,0,0,0,0
2020-11-20,11906.44,4.199584409136925e-05,12054.870164573591,12563.543168759757,12309.206666666674,12155.864748579846,12651.015251420169,12403.440000000008,11800.533662480502,12817.879670852846,12309.206666666674,11908.289497159687,12898.590502840327,12403.440000000008,0,0,0,0
2020-11-19,11985.43,0.0066342248396666905,12007.383731711267,12502.647934955416,12255.01583333334,12114.602594119375,12617.00240588064,12365.802500000007,11759.751630089197,12750.280036577486,12255.01583333334,11863.402688238742,12868.202311761277,12365.802500000007,0,0,0,0
2020-11-18,11894.71,-0.007569190258505666,11954.062094157058,12439.009572509623,12196.53583333334,12067.993593140427,12577.87640685959,12322.935000000007,11711.588354980771,12681.483311685908,12196.53583333334,11813.052186280845,12832.817813719175,12322.935000000007,0,0,0,0
2020-11-17,11977.49,0.006959396235805659,11925.146026819517,12376.093973180494,12150.620000000004,12035.91825483893,12540.884745161084,12288.401500000007,11699.672053639033,12601.56794636098,12150.620000000004,11783.435009677854,12793.367990322158,12288.401500000007,0,0,0,0
2020-11-16,12013.38,0.002996454181969588,11908.152034749755,12317.462965250252,12112.807500000004,12010.561015751431,12507.987984248584,12259.274500000007,11703.49656949951,12522.1184305005,12112.807500000004,11761.847531502852,12756.701468497164,12259.274500000007,1,0,0,0
2020-11-13,11937.84,-0.00628798889238491,11890.996827293398,12248.189839373277,12069.593333333338,11979.274217082057,12486.837782917959,12233.056000000008,11712.400321253459,12426.786345413215,12069.593333333338,11725.492434164104,12740.619565835908,12233.056000000008,0,0,0,0
2020-11-12,11827.14,-0.009273034317766049,11873.284118076348,12161.204215256997,12017.244166666673,11938.772552216024,12472.512447783984,12205.642500000005,11729.324069486023,12305.164263847319,12017.244166666673,11671.902604432049,12739.382395567964,12205.642500000005,0,0,0,0
2020-11-11,11892.93,0.0055626296805484365,11862.143158809988,12109.780174523357,11985.961666666672,11908.796078631949,12451.607921368064,12180.202000000007,11738.324650953304,12233.598682380041,11985.961666666672,11637.390157263892,12723.013842736123,12180.202000000007,0,0,0,0
2020-11-10,11624.29,-0.02258820997012501,11801.074197646853,12065.195802353159,11933.135000000007,11848.746839839578,12437.622160160437,12143.184500000007,11669.013395293701,12197.256604706316,11933.135000000007,11554.309179679149,12732.059820320865,12143.184500000007,0,0,0,0
2020-11-09,11830.39,0.01773011512961209,11791.200201312387,12021.431465354292,11906.31583333334,11824.766343267362,12381.069656732652,12102.918000000007,11676.084569291435,12136.547097375244,11906.31583333334,11546.614686534716,12659.221313465296,12102.918000000007,0,0,0,0
2020-11-06,12091.35,0.022058444396169552,11790.54392010554,12024.01107989447,11907.277500000006,11824.910669125362,12330.413330874651,12077.662000000008,11673.810340211077,12140.744659788934,11907.277500000006,11572.159338250718,12583.164661749297,12077.662000000008,0,0,0,0
2020-11-05,12078.07,-0.0010983058136602164,11794.91755782664,12048.325775506706,11921.621666666673,11825.679737464268,12284.603262535747,12055.141500000007,11668.21344898661,12175.02988434674,11921.621666666673,11596.217974928526,12514.065025071486,12055.141500000007,0,0,0,0
2020-11-04,11777.02,-0.02492533989288015,11777.39392870342,12044.279404629922,11910.836666666672,11804.9113017972,12236.360698202812,12020.636000000004,11643.95119074017,12177.722142593171,11910.836666666672,11589.186603594391,12452.08539640562,12020.636000000004,0,0,0,0
2020-11-03,11279.91,-0.04221016861650917,11629.06738104936,12075.01928561732,11852.04333333334,11713.260022661867,12210.361977338142,11961.811000000005,11406.091428765383,12297.9952379013,11852.04333333334,11464.709045323732,12458.912954676276,11961.811000000005,0,0,0,0
2020-11-02,11084.76,-0.017300669952153847,11471.333073415866,12097.761926584151,11784.547500000008,11602.59289113189,12183.972108868125,11893.282500000007,11158.118646831726,12410.976353168291,11784.547500000008,11311.903282263776,12474.66171773624,11893.282500000007,0,0,0,0
2020-10-30,11052.95,-0.002869705794261601,11337.50090828049,12077.50409171953,11707.50250000001,11500.284062371276,12164.743937628738,11832.514000000005,10967.49931656097,12447.505683439047,11707.50250000001,11168.054124742544,12496.97387525747,11832.514000000005,0,0,0,0
2020-10-29,11350.74,0.026942128572010168,11282.633967641255,12021.93103235876,11652.282500000007,11454.142008594064,12120.138991405947,11787.140500000007,10912.985435282508,12391.57956471751,11652.282500000007,11121.143517188128,12453.137482811888,11787.140500000007,0,0,0,0
2020-10-28,11142.76,-0.018323034445331232,11201.2672131462,11970.78445352048,11586.025833333342,11385.88907067055,12087.445929329462,11736.667500000007,10816.508592959062,12355.543073707622,11586.025833333342,11035.11064134109,12438.224358658921,11736.667500000007,0,0,0,0
2020-10-27,11598.95,0.04094048512217796,11189.684131238879,11944.33586876114,11567.01000000001,11370.224100291223,12055.024899708791,11712.624500000007,10812.358262477746,12321.661737522272,11567.01000000001,11027.82370058244,12397.425299417575,11712.624500000007,1,0,0,0
2020-10-26,11504.52,-0.008141254165247691,11171.42052721843,11897.864472781586,11534.642500000007,11350.316098536148,12034.790901463868,11692.553500000007,10808.198554436849,12261.086445563169,11534.642500000007,11008.078697072293,12377.028302927725,11692.553500000007,0,0,0,0
2020-10-23,11692.57,0.016345749322874692,11175.049530680359,11905.61546931966,11540.33250000001,11343.336278775745,12020.383721224272,11681.860000000008,10809.766561360711,12270.898438639306,11540.33250000001,11004.812557551479,12358.907442448535,11681.860000000008,0,0,0,0
2020-10-22,11662.91,-0.0025366536184944217,11170.094209270757,11882.657457395933,11526.375833333344,11334.836394047341,11996.631605952676,11665.734000000008,10813.812585208165,12238.939081458522,11526.375833333344,11003.938788094672,12327.529211905345,11665.734000000008,0,0,0,0
2020-10-21,11665.37,0.0002109250607267299,11177.348533464543,11804.406466535476,11490.87750000001,11327.777573313879,11980.756426686141,11654.267000000007,10863.819566929076,12117.935433070945,11490.87750000001,11001.288146627749,12307.245853372271,11654.267000000007,0,0,0,0
2020-10-20,11677.84,0.0010689759518986985,11194.999535486255,11720.050464513759,11457.525000000007,11321.65308157078,11956.915918429238,11639.284500000007,10932.474070972503,11982.575929027516,11457.525000000007,11004.021663141553,12274.547336858466,11639.284500000007,0,0,0,0
2020-10-19,11634.35,-0.00372414761633999,11195.979776674398,11695.29188999229,11445.635833333345,11315.132603313115,11925.533396686904,11620.33300000001,10946.323720015447,11944.947946651235,11445.635833333345,11009.932206626223,12230.733793373796,11620.33300000001,0,0,0,0
2020-10-16,11852.17,0.018722146058868683,11224.298236167331,11762.350097166023,11493.324166666678,11314.96644687575,11917.132553124273,11616.04950000001,10955.272305667982,12031.376027665374,11493.324166666678,11013.883393751486,12218.215606248532,11616.04950000001,0,0,0,0
2020-10-15,11898.57,0.003914894909539779,11302.081580346494,11820.20175298686,11561.141666666676,11315.493895842716,11923.748104157305,11619.62100000001,11043.021494026309,12079.261839307044,11561.141666666676,11011.366791685427,12227.875208314596,11619.62100000001,0,0,0,0
2020-10-14,11985.36,0.0072941538352928595,11407.741026454343,11869.94397354567,11638.842500000008,11315.08297248831,11933.402027511711,11624.242500000013,11176.639552908677,12101.045447091341,11638.842500000008,11005.923444976608,12242.561555023412,11624.242500000013,0,1,0,0
2020-10-13,12083.17,0.008160789496518994,11455.448346487061,11944.308320179623,11699.878333333345,11321.440509124819,11972.9324908752,11647.186500000009,11211.018359640777,12188.738307025907,11699.878333333345,10995.694518249631,12298.67848175039,11647.186500000009,0,0,0,0
2020-10-12,12088.11,0.0004088331125027267,11582.541739281374,11974.773260718644,11778.65750000001,11321.839662774562,11998.305337225456,11660.07250000001,11386.425978562742,12170.88902143728,11778.65750000001,10983.606825549115,12336.538174450901,11660.07250000001,0,0,0,0
2020-10-09,11725.85,-0.029968291155523907,11600.40184315138,11978.063156848642,11789.232500000013,11318.551262070672,11965.043737929349,11641.79750000001,11411.571186302748,12166.893813697274,11789.232500000013,10995.305024141335,12288.289975858685,11641.79750000001,0,0,0,0
2020-10-08,11550.94,-0.014916615853008519,11610.252230661028,11975.94943600566,11793.100833333345,11308.563468660559,11922.31853133946,11615.44100000001,11427.403627988711,12158.798038677976,11793.100833333345,11001.685937321108,12229.19606267891,11615.44100000001,0,0,0,0
2020-10-07,11503.19,-0.00413386269862015,11577.609641858222,11977.028691475132,11777.319166666675,11296.355368469352,11907.143631530664,11601.749500000007,11377.900117049769,12176.738216283586,11777.319166666675,10990.9612369387,12212.537763061318,11601.749500000007,0,0,0,0
2020-10-06,11291.27,-0.01842271578579513,11503.194243831009,11989.504089502343,11746.349166666674,11297.543525115263,11907.091474884754,11602.317500000006,11260.039320995342,12232.65901233801,11746.349166666674,10992.769550230518,12211.865449769499,11602.317500000006,0,0,0,1
2020-10-05,11509.06,0.019288352860218568,11481.40705274747,11985.239613919217,11733.323333333345,11342.867311697393,11904.197688302624,11623.532500000007,11229.490772161598,12237.155894505086,11733.323333333345,11062.202123394778,12184.862876605239,11623.532500000007,0,0,0,0
2020-10-02,11255.69,-0.022014830055625656,11410.791951323108,11985.49638201025,11698.144166666678,11371.655584068458,11895.683415931555,11633.669500000007,11123.43973597954,12272.848597353815,11698.144166666678,11109.64166813691,12157.697331863106,11633.669500000007,0,0,0,0
2020-10-01,11583.2,0.029097283240743232,11405.121197959728,11982.642135373626,11693.881666666675,11391.461771428683,11899.123228571332,11645.292500000007,11116.360729252781,12271.402604080577,11693.881666666675,11137.631042857363,12152.953957142654,11645.292500000007,0,0,0,0
2020-09-30,11418.06,-0.01425685475516281,11363.438361388726,11951.97330527796,11657.705833333344,11427.418383271792,11890.696616728224,11659.057500000008,11069.170889444109,12246.240777222576,11657.705833333344,11195.779266543577,12122.33573345644,11659.057500000008,0,0,0,0
2020-09-29,11322.95,-0.00832978632096859,11311.414736320256,11908.060263679763,11609.73750000001,11401.922830354973,11888.592169645046,11645.257500000007,11013.091972640505,12206.383027359514,11609.73750000001,11158.588160709936,12131.926839290083,11645.257500000007,0,0,0,0
2020-09-28,11364.45,0.0036651226049748686,11277.426187487774,11838.563812512246,11557.99500000001,11388.718822068708,11887.78917793131,11638.25400000001,10996.857374975538,12119.132625024482,11557.99500000001,11139.183644137407,12137.324355862613,11638.25400000001,0,0,0,0
2020-09-25,11151.13,-0.01877081600957386,11231.099610059717,11729.550389940305,11480.32500000001,11339.465236156433,11882.898763843588,11611.18200000001,10981.874220119422,11978.775779880598,11480.32500000001,11067.748472312856,12154.615527687163,11611.18200000001,0,0,0,0
2020-09-24,10896.47,-0.022837147446043597,11160.197492354644,11601.845840978709,11381.021666666675,11258.172524407672,11887.547475592348,11572.86000000001,10939.373318042612,11822.670015290742,11381.021666666675,10943.485048815335,12202.234951184684,11572.86000000001,0,0,0,0
2020-09-23,10833.33,-0.005794537129914512,11063.358151851975,11549.931848148042,11306.64500000001,11176.941168000969,11885.574831999047,11531.258000000007,10820.071303703942,11793.218696296077,11306.64500000001,10822.624336001933,12239.891663998083,11531.258000000007,0,0,0,0
2020-09-22,11186.37,0.03258831771948256,11043.731962935759,11508.796370397593,11276.264166666675,11146.081770415378,11867.287229584641,11506.684500000007,10811.199759204843,11741.328574128509,11276.264166666675,10785.479040830749,12227.88995916927,11506.684500000007,0,0,0,0
2020-09-21,10980.22,-0.01842867704179296,10997.55496803114,11467.811698635542,11232.683333333342,11096.303374643958,11851.652625356059,11473.978000000006,10762.426602728945,11702.940063937742,11232.683333333342,10718.62874928791,12229.327250712107,11473.978000000006,0,0,0,0
2020-09-18,10936.98,-0.003937990313490958,10954.218360140756,11452.0999731926,11203.159166666675,11043.402525084466,11813.03447491555,11428.218500000008,10705.277553614837,11701.04077971852,11203.159166666675,10658.586550168924,12197.850449831092,11428.218500000008,0,0,0,0
2020-09-17,11080.95,0.013163597263595728,10936.32550526175,11398.641161404941,11167.483333333344,11011.801173999464,11762.873826000552,11387.337500000007,10705.167677190157,11629.798989476532,11167.483333333344,10636.26484799892,12138.410152001095,11387.337500000007,0,0,0,0
2020-09-16,11247.6,0.015039324245664787,10935.920337358652,11397.697995974708,11166.80916666668,11001.450610068601,11699.448389931416,11350.449500000008,10705.031508050624,11628.586825282731,11166.80916666668,10652.451720137196,12048.44727986282,11350.449500000008,0,0,0,0
2020-09-15,11438.87,0.017005405597638745,10944.737080844232,11364.826252489122,11154.781666666675,11013.501052412419,11622.967947587595,11318.234500000008,10734.692495021784,11574.870838311568,11154.781666666675,10708.767604824836,11927.701395175181,11318.234500000008,0,0,0,0
2020-09-14,11277.76,-0.014084433165164056,10945.496786737858,11340.683213262164,11143.090000000013,11032.716081524963,11522.717918475051,11277.717000000008,10747.903573475707,11538.276426524317,11143.090000000013,10787.71516304992,11767.718836950095,11277.717000000008,0,0,0,0
2020-09-11,11087.4,-0.016879238430326682,10933.819553905923,11313.102112760764,11123.460833333345,11021.54135290085,11470.047647099165,11245.794500000007,10744.178274478503,11502.743392188184,11123.460833333345,10797.288205801691,11694.300794198325,11245.794500000007,0,0,0,0
2020-09-10,11154.12,0.006017641647275474,10931.478439328,11280.388227338684,11105.933333333342,11012.841577607143,11439.065422392869,11225.953500000007,10757.02354532266,11454.843121344022,11105.933333333342,10799.729655214283,11652.17734478573,11225.953500000007,0,0,0,0
2020-09-09,11395.85,0.02167181274721797,10932.842373466578,11319.810959866772,11126.326666666675,11013.559195945989,11427.613804054026,11220.586500000007,10739.35808026648,11513.29525306687,11126.326666666675,10806.531891891967,11634.641108108048,11220.586500000007,0,0,0,0
2020-09-08,11068.26,-0.028746429621309574,10959.766796213004,11321.51820378701,11140.642500000007,11000.419969353321,11418.452030646691,11209.436000000007,10778.891092426,11502.393907574018,11140.642500000007,10791.403938706635,11627.468061293377,11209.436000000007,0,0,0,0
2020-09-04,11622.13,0.05004128923606777,11005.148912783992,11407.602753882695,11206.375833333344,10996.244580708597,11433.934419291421,11215.089500000007,10803.921992234638,11608.82967443205,11206.375833333344,10777.399661417185,11652.779338582832,11215.089500000007,0,1,0,0
2020-09-03,11771.37,0.012841019675395192,10996.50810313691,11513.74356352978,11255.125833333344,10989.093293402262,11492.653706597752,11240.873500000007,10737.890372940474,11772.361293726215,11255.125833333344,10737.313086804521,11744.433913195495,11240.873500000007,0,0,0,0
2020-09-02,12420.54,0.05514821129571157,10965.556847032929,11784.748152967093,11375.152500000013,10924.099726707163,11641.381273292849,11282.740500000007,10555.961194065849,12194.343805934172,11375.152500000013,10565.45895341432,12000.022046585696,11282.740500000007,0,0,0,0
2020-09-01,12292.86,-0.010279746291224079,11026.677872888698,11949.607127111321,11488.142500000007,10902.985818103758,11749.97518189626,11326.480500000007,10565.213245777388,12411.07175422263,11488.142500000007,10479.491136207509,12173.469863792507,11326.480500000007,0,0,0,0
2020-08-31,12110.7,-0.01481835797365294,11099.531684067939,12048.378315932076,11573.955000000007,10907.520428889293,11824.215571110724,11365.868000000008,10625.108368135872,12522.801631864146,11573.955000000007,10449.172857778578,12282.563142221436,11365.868000000008,0,0,0,0
2020-08-28,11995.85,-0.00948334943479734,11159.512696891436,12113.105636441911,11636.309166666675,10917.93664527283,11876.939354727185,11397.438000000007,10682.716227116198,12589.90210621715,11636.309166666675,10438.435290545653,12356.440709454362,11397.438000000007,0,0,0,0
2020-08-27,11926.16,-0.005809509121904699,11197.719680992972,12156.11365234038,11676.916666666675,10946.43364342753,11925.945356572483,11436.189500000008,10718.522695319267,12635.310638014087,11676.916666666675,10456.67778685505,12415.701213144963,11436.189500000008,0,0,0,0
2020-08-26,11971.94,0.00383862031030957,11266.355425094016,12203.174574906001,11734.765000000007,11003.5553923174,11976.370607682617,11489.963000000007,10797.945850188024,12671.584149811992,11734.765000000007,10517.147784634792,12462.778215365222,11489.963000000007,0,0,1,0
2020-08-25,11721.81,-0.020893021515310032,11365.405767864868,12209.85923213515,11787.632500000007,11071.082442067549,11997.691557932469,11534.387000000008,10943.179035729729,12632.08596427029,11787.632500000007,10607.777884135085,12460.99611586493,11534.387000000008,0,0,0,0
2020-08-24,11626.17,-0.008159149482886985,11449.5153271042,12204.42467289582,11826.97000000001,11100.075608407331,12012.678391592688,11556.37700000001,11072.060654208391,12581.879345791629,11826.97000000001,10643.774216814652,12468.979783185368,11556.37700000001,0,0,0,0
2020-08-21,11555.16,-0.0061077723790380345,11476.790999364142,12203.700667302544,11840.245833333345,11149.383551442137,12020.86444855788,11585.124000000007,11113.33616539494,12567.155501271744,11840.245833333345,10713.643102884263,12456.604897115754,11585.124000000007,0,0,0,0
2020-08-20,11477.05,-0.006759750622232885,11576.575222174637,12172.048111158714,11874.311666666676,11202.729315486644,12021.525684513372,11612.127500000008,11278.838777682598,12469.784555650753,11874.311666666676,10793.33113097328,12430.923869026736,11612.127500000008,0,0,0,0
2020-08-19,11318.64,-0.01380232725308328,11516.999915688444,12181.041750978242,11849.020833333345,11227.601052575696,12020.422947424318,11624.012000000008,11184.978998043545,12513.062668623144,11849.020833333345,10831.190105151389,12416.833894848627,11624.012000000008,0,0,0,0
2020-08-18,11399.03,0.007102443403094405,11461.554848200389,12174.430151799632,11817.99250000001,11241.342312780054,12021.824687219962,11631.583500000008,11105.117196400766,12530.867803599253,11817.99250000001,10851.1011255601,12412.065874439917,11631.583500000008,0,0,0,0
2020-08-17,11288.57,-0.009690298209584558,11392.27740520817,12055.045928125182,11723.661666666674,11228.50988344722,12019.627116552796,11624.068500000007,11060.893143749661,12386.43018958369,11723.661666666674,10832.951266894435,12415.185733105582,11624.068500000007,0,0,0,0
2020-08-14,11164.45,-0.01099519248230718,11314.75484643053,11944.500153569496,11629.627500000011,11216.857079835208,12019.94892016481,11618.40300000001,10999.882192861047,12259.372807138978,11629.627500000011,10815.311159670408,12421.494840329611,11618.40300000001,0,0,0,1
2020-08-13,11178.37,0.0012468146661950286,11251.878997910506,11851.98766875618,11551.933333333345,11227.26459080525,12018.638409194768,11622.951500000006,10951.824662487668,12152.042004179018,11551.933333333345,10831.57768161049,12414.325318389529,11622.951500000006,0,0,0,0
2020-08-12,11157.72,-0.00184731763217727,11197.61799859712,11766.560334736238,11482.089166666678,11227.668334022515,12018.594665977505,11623.131500000007,10913.146830527556,12051.031502805801,11482.089166666678,10832.20516804502,12414.057831955,11623.131500000007,0,0,0,0
2020-08-11,10876.08,-0.025241716049515417,11097.885301339209,11691.279698660808,11394.58250000001,11170.13676203134,12024.149237968672,11597.143000000007,10801.188102678409,11987.976897321609,11394.58250000001,10743.130524062672,12451.15547593734,11597.143000000007,0,0,0,0
2020-08-10,11085.17,0.019224757449375133,11074.77558746622,11566.5944125338,11320.68500000001,11172.069243650694,12023.907756349323,11597.988500000007,10828.86617493243,11812.503825067593,11320.68500000001,10746.149987301378,12449.82701269864,11597.988500000007,0,0,0,0
2020-08-07,11139.39,0.004891219530237079,11057.063402725187,11487.236597274828,11272.150000000007,11135.86478291868,12011.838217081335,11573.851500000008,10841.97680545037,11702.323194549648,11272.150000000007,10697.878065837353,12449.824934162663,11573.851500000008,0,0,0,0
2020-08-06,11267.08,0.01146292570778118,11058.122413017589,11426.329253649092,11242.22583333334,11108.111315366245,11989.16268463377,11548.637000000004,10874.018992701836,11610.432673964844,11242.22583333334,10667.585630732478,12429.688369267536,11548.637000000004,0,0,0,0
2020-08-05,11125.44,-0.01257113644351504,11048.832485086494,11363.999181580186,11206.41583333334,11085.054022538225,11882.709977461787,11483.882000000007,10891.249136839648,11521.582529827032,11206.41583333334,10686.226045076446,12281.537954923568,11483.882000000007,0,0,0,0
2020-08-04,11096.54,-0.002597650070469082,11039.893051335068,11309.520281998279,11174.706666666674,11065.249179714312,11782.8828202857,11424.066000000004,10905.07943600346,11444.333897329887,11174.706666666674,10706.432359428616,12141.699640571396,11424.066000000004,0,0,0,0
2020-08-03,11055.08,-0.003736299783536179,11022.106119344453,11283.380547322231,11152.74333333334,11042.394645618491,11700.175354381521,11371.285000000005,10891.46890535556,11414.017761311123,11152.74333333334,10713.504291236977,12029.065708763032,11371.285000000005,0,0,0,0
2020-07-31,10905.88,-0.013496057920883486,10988.158497388838,11235.13650261118,11111.647500000008,11007.089952116035,11626.483047883978,11316.786500000006,10864.669494777669,11358.625505222348,11111.647500000008,10697.393404232063,11936.179595767946,11316.786500000006,0,0,0,1
2020-07-30,10715.51,-0.017455721133920354,10908.386949375625,11219.398050624397,11063.892500000007,10953.699891791875,11558.808108208132,11256.254000000004,10752.881398751237,11374.903601248785,11063.892500000007,10651.145783583752,11861.362216416255,11256.254000000004,0,0,0,0
2020-07-29,10662.98,-0.004902239837394684,10832.447006001601,11211.759660665082,11022.103333333342,10910.454758473968,11471.157241526045,11190.806000000004,10642.79067866986,11401.415987996823,11022.103333333342,10630.10351694793,11751.508483052085,11190.806000000004,0,0,0,0
2020-07-28,10532.5,-0.012236729319570984,10739.411167705295,11197.150498961391,10968.280833333343,10843.51579259218,11419.16520740783,11131.340500000006,10510.541502077249,11426.020164589436,10968.280833333343,10555.691085184355,11706.989914815656,11131.340500000006,0,0,0,0
2020-07-27,10674.38,0.013470685971991305,10693.052421235689,11162.95257876433,10928.00250000001,10803.46170997248,11364.040290027531,11083.751000000006,10458.102342471364,11397.902657528655,10928.00250000001,10523.172419944953,11644.32958005506,11083.751000000006,0,0,0,0
2020-07-24,10483.13,-0.01791673146356043,10627.341304409616,11163.172028923738,10895.256666666675,10742.350560653224,11317.948439346786,11030.149500000005,10359.425942152557,11431.087391180801,10895.256666666675,10454.55162130644,11605.74737869357,11030.149500000005,0,0,0,0
2020-07-23,10580.59,0.009296841687549406,10578.303995663498,11128.112671003191,10853.208333333343,10701.00477518318,11269.648224816834,10985.326500000006,10303.399657993652,11403.017008673038,10853.208333333343,10416.683050366353,11553.96994963366,10985.326500000006,0,0,0,0
2020-07-22,10870.75,0.027423801508233536,10570.805906101237,11090.837427232116,10830.821666666676,10688.788584467331,11237.075415532681,10962.932000000006,10310.790145535791,11350.853187797558,10830.821666666676,10414.64516893466,11511.218831065351,10962.932000000006,1,0,0,0
2020-07-21,10833.07,-0.003466182186141697,10573.56660316387,11015.741730169482,10794.654166666676,10679.311214544909,11189.956785455104,10934.63400000001,10352.479039661062,11236.82929367229,10794.654166666676,10423.988429089812,11445.279570910205,10934.63400000001,0,0,0,0
2020-07-20,10952.08,0.010985805501118271,10577.827126934157,10982.587873065864,10780.20750000001,10676.325364584138,11159.293635415877,10917.809500000008,10375.4467538683,11184.96824613172,10780.20750000001,10434.84122916827,11400.777770831743,10917.809500000008,0,0,0,0
2020-07-17,10645.22,-0.02801842207142391,10563.783935631209,10921.411064368813,10742.597500000009,10650.36457187529,11133.331428124719,10891.848000000004,10384.970371262409,11100.224628737613,10742.597500000009,10408.881143750576,11374.814856249432,10891.848000000004,0,0,0,0
2020-07-16,10626.46,-0.0017622933109884273,10555.44654952093,10858.31178381242,10706.879166666677,10625.717897327178,11102.787102672832,10864.252500000006,10404.013932375186,11009.744400958163,10706.879166666677,10387.183294654347,11341.321705345665,10864.252500000006,0,0,0,0
2020-07-15,10701.68,0.007078556734792406,10551.955710258451,10827.769289741564,10689.862500000008,10610.778210594339,11072.122789405672,10841.450500000004,10414.048920516894,10965.676079483124,10689.862500000008,10380.105921188671,11302.795078811338,10841.450500000004,0,0,0,0
2020-07-14,10689.52,-0.001136270193091149,10550.025403980153,10825.367929353195,10687.696666666674,10599.163520126162,11065.081479873848,10832.122500000003,10412.354141293634,10963.039192039714,10687.696666666674,10366.204540252318,11298.040459747694,10832.122500000003,0,0,0,0
2020-07-13,10602.21,-0.008167812960731768,10542.867616445505,10822.397383554511,10682.632500000009,10577.609567305291,11038.339432694716,10807.974500000004,10403.102732891,10962.162267109015,10682.632500000009,10347.244634610579,11268.704365389429,10807.974500000004,0,0,0,0
2020-07-10,10836.33,0.022082188524845447,10570.353146270723,10845.550187062629,10707.951666666677,10575.82434083192,11009.818659168084,10792.821500000002,10432.754625874772,10983.148707458575,10707.951666666677,10358.827181663835,11226.815818336167,10792.821500000002,0,0,0,0
2020-07-09,10754.59,-0.007543144219491316,10576.868301437396,10852.403365229286,10714.63583333334,10581.090664038073,10953.303335961937,10767.197000000004,10439.10076954145,10990.170897125232,10714.63583333334,10394.984328076143,11139.409671923864,10767.197000000004,0,0,0,0
2020-07-08,10666.7,-0.008172324560954847,10611.353267376086,10848.513399290598,10729.933333333342,10577.350746685468,10911.169253314541,10744.260000000004,10492.77320141883,10967.093465247854,10729.933333333342,10410.44149337093,11078.078506629077,10744.260000000004,0,0,0,0
2020-07-07,10524.01,-0.01337714569641979,10599.2646023746,10851.172064292086,10725.218333333343,10563.917939951934,10867.349060048073,10715.633500000004,10473.31087141586,10977.125795250828,10725.218333333343,10412.202379903863,11019.064620096142,10715.633500000004,0,0,0,1
